,MICRO_bucket,PHY_CITY,avg_price,median_price,n,total_dollar_volume,SALE_MO1_NAME
2,Commercial,Boca Raton,1313000.0,1185000.0,5,6565000,January
6,Commercial,Coral Springs,847812.5,645000.0,8,6782500,January
7,Commercial,Coral Gables,1426000.0,1550000.0,5,7130000,January
9,Commercial,Dania Beach,714000.0,630000.0,5,3570000,January
12,Commercial,Delray Beach,1229000.0,1340000.0,5,6145000,January
14,Commercial,Fort Lauderdale,938813.64,837400.0,22,20653900,January
17,Commercial,Hollywood,700303.03,457500.0,33,23110000,January
18,Commercial,Hialeah,18675000.0,3000000.0,6,112050000,January
23,Commercial,Lake Worth,508742.86,501200.0,7,3561200,January
28,Commercial,Miami,1842682.35,1100000.0,51,93976800,January
29,Commercial,Miami Beach,5452100.0,1950000.0,20,109042000,January
36,Commercial,Oakland Park,1034866.67,633800.0,9,9313800,January
42,Commercial,Pompano Beach,8275838.89,14000000.0,18,148965100,January
47,Commercial,Unincorporated County,1568767.65,650000.0,34,53338100,January
49,Commercial,West Palm Beach,1147300.0,761500.0,10,11473000,January
54,Commercial,Boca Raton,746428.57,490000.0,7,5225000,February
57,Commercial,Coconut Creek,4470000.0,3725000.0,5,22350000,February
58,Commercial,Coral Springs,934200.0,552500.0,5,4671000,February
65,Commercial,Fort Lauderdale,16565518.52,1200000.0,27,447269000,February
66,Commercial,Florida City,485000.0,480000.0,7,3395000,February
69,Commercial,Hollywood,695007.14,634500.0,14,9730100,February
70,Commercial,Hialeah,18497222.22,800000.0,9,166475000,February
72,Commercial,Jupiter,1391660.71,2100000.0,7,9741625,February
73,Commercial,Lake Worth,17752500.0,910000.0,12,213030000,February
77,Commercial,Miami,2122423.68,708750.0,38,80652100,February
78,Commercial,Miami Beach,4360285.71,5200000.0,7,30522000,February
86,Commercial,Oakland Park,1147500.0,724500.0,5,5737500,February
91,Commercial,Pompano Beach,1132160.0,660000.0,5,5660800,February
98,Commercial,Unincorporated County,834045.0,613450.0,20,16680900,February
100,Commercial,West Palm Beach,1697981.5,637000.0,12,20375778,February
106,Commercial,Boca Raton,2662352.25,1500000.0,12,31948227,March
113,Commercial,Coral Springs,1828375.0,820000.0,8,14627000,March
118,Commercial,Delray Beach,3456055.0,1300000.0,7,24192385,March
121,Commercial,Fort Lauderdale,1771565.79,607500.0,38,67319500,March
122,Commercial,Hallandale Beach,3412155.56,1186000.0,9,30709400,March
123,Commercial,Hollywood,3223050.0,1200000.0,12,38676600,March
125,Commercial,Homestead,1042750.0,536000.0,8,8342000,March
126,Commercial,Jupiter,1072000.0,1230000.0,5,5360000,March
127,Commercial,Lake Worth,1514642.86,605000.0,14,21205000,March
128,Commercial,Lantana,1300000.0,1300000.0,11,14300000,March
131,Commercial,Miami,2900093.94,1090000.0,66,191406200,March
132,Commercial,Miami Beach,2034590.0,1780000.0,10,20345900,March
136,Commercial,North Miami,1323000.0,790000.0,5,6615000,March
144,Commercial,Pompano Beach,6052750.0,5890000.0,16,96844000,March
145,Commercial,Palmetto Bay,520000.0,400000.0,5,2600000,March
153,Commercial,Unincorporated County,883082.86,550000.0,35,30907900,March
154,Commercial,West Palm Beach,4944451.31,750000.0,26,128555734,March
158,Commercial,Aventura,7125000.0,7125000.0,15,106875000,April
164,Commercial,Coral Springs,5360000.0,6325000.0,6,32160000,April
165,Commercial,Coral Gables,1539885.71,1435000.0,7,10779200,April
169,Commercial,Delray Beach,2087857.14,2175000.0,7,14615000,April
171,Commercial,Fort Lauderdale,1840925.64,1125000.0,39,71796100,April
174,Commercial,Hallandale Beach,815000.0,505000.0,6,4890000,April
175,Commercial,Hollywood,1153089.47,875000.0,19,21908700,April
176,Commercial,Hialeah,1535266.67,720000.0,9,13817400,April
177,Commercial,Homestead,733000.0,440000.0,5,3665000,April
178,Commercial,Jupiter,868877.27,650000.0,11,9557650,April
180,Commercial,Lake Worth,887300.0,529000.0,10,8873000,April
184,Commercial,Miami,2602982.93,1339500.0,82,213444600,April
185,Commercial,Miami Beach,2898425.0,1697500.0,12,34781100,April
191,Commercial,Oakland Park,1146928.57,551000.0,7,8028500,April
196,Commercial,Pembroke Park,16866666.67,20000000.0,6,101200000,April
199,Commercial,Pompano Beach,1388125.0,1122500.0,8,11105000,April
201,Commercial,Riviera Beach,1191666.67,850000.0,6,7150000,April
208,Commercial,Unincorporated County,7429486.84,805350.0,38,282320500,April
211,Commercial,West Palm Beach,3986515.0,932500.0,18,71757270,April
221,Commercial,Coral Gables,20793550.72,21375000.0,69,1434755000,May
224,Commercial,Delray Beach,2361950.0,1911500.0,6,14171700,May
226,Commercial,Fort Lauderdale,5779524.39,1200000.0,41,236960500,May
229,Commercial,Hollywood,1139400.0,776000.0,21,23927400,May
234,Commercial,Lake Worth,930142.86,545000.0,7,6511000,May
240,Commercial,Miami,5971958.93,905000.0,56,334429700,May
241,Commercial,Miami Beach,2808250.0,3025000.0,5,14041250,May
252,Commercial,Pompano Beach,1169166.67,760000.0,6,7015000,May
260,Commercial,Unincorporated County,1068490.91,745000.0,22,23506800,May
262,Commercial,West Palm Beach,4835180.0,1150000.0,15,72527700,May
270,Commercial,Fort Lauderdale,3592500.0,1050000.0,8,28740000,June
284,Condominiums,Aventura,555316.67,435000.0,60,33319000,January
285,Condominiums,Boca Raton,632215.95,350000.0,102,64486027,January
286,Condominiums,Boynton Beach,301763.16,260000.0,57,17200500,January
287,Condominiums,Bal Harbour,2479600.0,2383300.0,8,19836800,January
288,Condominiums,Bay Harbor Islands,754666.67,630000.0,9,6792000,January
289,Condominiums,Coconut Creek,205838.71,200000.0,31,6381000,January
291,Condominiums,Coral Springs,203308.0,190000.0,25,5082700,January
292,Condominiums,Coral Gables,975773.53,649500.0,34,33176300,January
293,Condominiums,Cutler Bay,412560.0,445000.0,10,4125600,January
294,Condominiums,Dania Beach,249950.0,207500.0,10,2499500,January
295,Condominiums,Davie,234477.78,208500.0,18,4220600,January
296,Condominiums,Deerfield Beach,262609.38,196500.0,32,8403500,January
297,Condominiums,Delray Beach,358967.52,224000.0,87,31230174,January
298,Condominiums,Doral,491928.57,547500.0,28,13774000,January
299,Condominiums,Fort Lauderdale,776806.06,419000.0,99,76903800,January
301,Condominiums,Greenacres,184672.73,170000.0,11,2031400,January
303,Condominiums,Hallandale Beach,430493.33,245000.0,45,19372200,January
304,Condominiums,Highland Beach,960222.22,700000.0,9,8642000,January
305,Condominiums,Hillsboro Beach,534875.0,527500.0,8,4279000,January
306,Condominiums,Hollywood,352662.79,271000.0,43,15164500,January
308,Condominiums,Hialeah,315213.51,280000.0,37,11662900,January
309,Condominiums,Hialeah Gardens,280980.0,314900.0,5,1404900,January
310,Condominiums,Homestead,325358.62,335000.0,29,9435400,January
311,Condominiums,Juno Beach,688466.67,560400.0,6,4130800,January
312,Condominiums,Jupiter,710166.67,550000.0,27,19174500,January
313,Condominiums,Key Biscayne,2513666.67,1337500.0,12,30164000,January
315,Condominiums,Lake Worth,168671.74,166500.0,23,3879450,January
317,Condominiums,Lauderdale By The Sea,864800.0,765000.0,15,12972000,January
318,Condominiums,Lauderdale Lakes,134392.31,131000.0,13,1747100,January
319,Condominiums,Lauderhill,168444.44,145000.0,27,4548000,January
320,Condominiums,Lighthouse Point,269000.0,300000.0,5,1345000,January
322,Condominiums,Margate,190444.44,166000.0,18,3428000,January
323,Condominiums,Miramar,315461.54,330000.0,13,4101000,January
324,Condominiums,Miami,1140530.95,675000.0,168,191609200,January
325,Condominiums,Miami Beach,1637300.74,600000.0,135,221035600,January
326,Condominiums,Miami Gardens,293260.0,298500.0,10,2932600,January
327,Condominiums,Miami Lakes,407312.5,365500.0,8,3258500,January
328,Condominiums,Miami Shores,390860.0,360000.0,5,1954300,January
331,Condominiums,North Palm Beach,604388.89,342500.0,18,10879000,January
332,Condominiums,North Bay Village,451555.56,460000.0,9,4064000,January
333,Condominiums,North Miami,216375.0,192500.0,12,2596500,January
334,Condominiums,North Miami Beach,308789.47,210000.0,19,5867000,January
335,Condominiums,Oakland Park,206692.31,195000.0,13,2687000,January
336,Condominiums,Opa-Locka,295860.0,285000.0,5,1479300,January
337,Condominiums,Palm Beach,2935742.05,1627512.5,22,64586325,January
338,Condominiums,Palm Beach Gardens,786035.71,370000.0,14,11004500,January
340,Condominiums,Pembroke Pines,205979.31,200000.0,29,5973400,January
341,Condominiums,Plantation,243708.0,235000.0,25,6092700,January
342,Condominiums,Pompano Beach,375576.27,260000.0,59,22159000,January
344,Condominiums,Riviera Beach,1178959.26,728000.0,27,31831900,January
345,Condominiums,Royal Palm Beach,245308.67,237426.0,6,1471852,January
347,Condominiums,Sunrise,234354.17,181000.0,24,5624500,January
349,Condominiums,Sunny Isles Beach,1547840.74,715000.0,54,83583400,January
351,Condominiums,Tamarac,185458.62,160000.0,29,5378300,January
353,Condominiums,Unincorporated County,325463.35,315000.0,221,71927400,January
354,Condominiums,Wellington,1404937.5,1587500.0,8,11239500,January
355,Condominiums,West Palm Beach,448706.26,220000.0,96,43075801,January
356,Condominiums,Weston,426142.86,355500.0,14,5966000,January
360,Condominiums,Aventura,559635.48,430000.0,62,34697400,February
361,Condominiums,Boca Raton,604875.3,280000.0,135,81658165,February
362,Condominiums,Boynton Beach,302111.65,233000.0,63,19033034,February
363,Condominiums,Bal Harbour,3247000.0,2775000.0,10,32470000,February
364,Condominiums,Bay Harbor Islands,572400.0,547500.0,10,5724000,February
365,Condominiums,Coconut Creek,175600.0,153500.0,24,4214400,February
366,Condominiums,Coral Springs,228153.85,203500.0,26,5932000,February
367,Condominiums,Coral Gables,714418.18,552500.0,22,15717200,February
368,Condominiums,Cutler Bay,293983.33,326500.0,6,1763900,February
369,Condominiums,Dania Beach,205125.0,183000.0,12,2461500,February
370,Condominiums,Davie,250900.0,247500.0,22,5519800,February
371,Condominiums,Deerfield Beach,245425.0,187250.0,32,7853600,February
372,Condominiums,Delray Beach,381790.75,245000.0,101,38560866,February
373,Condominiums,Doral,567945.95,580000.0,37,21014000,February
374,Condominiums,Fort Lauderdale,779682.0,547500.0,100,77968200,February
376,Condominiums,Greenacres,189236.84,187000.0,19,3595500,February
378,Condominiums,Hallandale Beach,444255.32,311000.0,47,20880000,February
379,Condominiums,Highland Beach,1268333.33,1212500.0,6,7610000,February
380,Condominiums,Hillsboro Beach,633687.5,499000.0,8,5069500,February
381,Condominiums,Hollywood,328229.03,277500.0,62,20350200,February
383,Condominiums,Hialeah,339754.84,300000.0,31,10532400,February
385,Condominiums,Homestead,329586.96,338000.0,23,7580500,February
387,Condominiums,Jupiter,598920.11,420000.0,28,16769763,February
388,Condominiums,Key Biscayne,1712100.0,1237500.0,12,20545200,February
389,Condominiums,Lake Park,431000.0,425000.0,5,2155000,February
390,Condominiums,Lake Worth,183678.95,160000.0,19,3489900,February
392,Condominiums,Lauderdale By The Sea,710178.57,587000.0,14,9942500,February
393,Condominiums,Lauderdale Lakes,131500.0,128000.0,7,920500,February
394,Condominiums,Lauderhill,176145.45,160000.0,22,3875200,February
397,Condominiums,Margate,194869.57,145000.0,23,4482000,February
398,Condominiums,Miramar,274777.78,255000.0,9,2473000,February
399,Condominiums,Miami,927337.11,590000.0,194,179903400,February
400,Condominiums,Miami Beach,1294953.94,520000.0,165,213667400,February
402,Condominiums,Miami Lakes,425800.0,485000.0,11,4683800,February
405,Condominiums,North Lauderdale,192633.33,199400.0,6,1155800,February
406,Condominiums,North Palm Beach,456523.0,375000.0,20,9130460,February
407,Condominiums,North Bay Village,400000.0,360000.0,7,2800000,February
408,Condominiums,North Miami,222184.62,175000.0,13,2888400,February
409,Condominiums,North Miami Beach,458892.86,311500.0,14,6424500,February
410,Condominiums,Oakland Park,217360.0,220000.0,15,3260400,February
412,Condominiums,Palm Beach,3984975.0,2922125.0,10,39849750,February
413,Condominiums,Palm Beach Gardens,678937.75,357000.0,16,10863004,February
415,Condominiums,Pembroke Pines,185282.5,172500.0,40,7411300,February
416,Condominiums,Plantation,237480.65,210000.0,31,7361900,February
417,Condominiums,Pompano Beach,370000.0,262500.0,67,24790000,February
418,Condominiums,Palmetto Bay,250500.0,250000.0,5,1252500,February
420,Condominiums,Riviera Beach,2609375.0,1195000.0,8,20875000,February
421,Condominiums,Royal Palm Beach,239700.0,255000.0,7,1677900,February
422,Condominiums,South Palm Beach,394611.11,292500.0,9,3551500,February
423,Condominiums,Sunrise,203565.38,166000.0,26,5292700,February
425,Condominiums,Sunny Isles Beach,1499937.04,782500.0,54,80996600,February
426,Condominiums,Surfside,3353857.14,1475000.0,7,23477000,February
427,Condominiums,Tamarac,209963.89,163750.0,36,7558700,February
429,Condominiums,Unincorporated County,410927.66,345600.0,229,94102433,February
431,Condominiums,West Palm Beach,495046.05,250000.0,80,39603684,February
432,Condominiums,Weston,422615.38,335000.0,13,5494000,February
433,Condominiums,Wilton Manors,295500.0,268000.0,7,2068500,February
436,Condominiums,Aventura,680116.47,480000.0,85,57809900,March
437,Condominiums,Boca Raton,612096.28,300000.0,149,91202346,March
438,Condominiums,Boynton Beach,317410.17,245000.0,90,28566915,March
439,Condominiums,Bal Harbour,2259461.54,1400000.0,13,29373000,March
440,Condominiums,Bay Harbor Islands,2214000.0,2035000.0,5,11070000,March
441,Condominiums,Coconut Creek,216237.14,225000.0,35,7568300,March
442,Condominiums,Coral Springs,234673.91,235000.0,23,5397500,March
443,Condominiums,Coral Gables,1136982.14,765000.0,28,31835500,March
444,Condominiums,Cutler Bay,329250.0,374500.0,12,3951000,March
445,Condominiums,Dania Beach,237307.69,230000.0,13,3085000,March
446,Condominiums,Davie,247173.91,230000.0,23,5685000,March
447,Condominiums,Deerfield Beach,279583.72,207750.0,86,24044200,March
448,Condominiums,Delray Beach,311295.0,220000.0,144,44826480,March
449,Condominiums,Doral,499863.46,452500.0,52,25992900,March
450,Condominiums,Fort Lauderdale,583674.38,400000.0,121,70624600,March
451,Condominiums,Florida City,337228.57,340500.0,7,2360600,March
452,Condominiums,Greenacres,211377.47,190000.0,17,3593417,March
454,Condominiums,Hallandale Beach,370907.69,266500.0,52,19287200,March
455,Condominiums,Highland Beach,762423.33,613750.0,15,11436350,March
457,Condominiums,Hollywood,435624.73,330000.0,93,40513100,March
458,Condominiums,Hypoluxo,247166.67,246500.0,6,1483000,March
459,Condominiums,Hialeah,320605.88,270000.0,51,16350900,March
460,Condominiums,Hialeah Gardens,253640.0,255000.0,5,1268200,March
461,Condominiums,Homestead,344718.6,350000.0,43,14822900,March
462,Condominiums,Juno Beach,968985.62,713750.0,8,7751885,March
463,Condominiums,Jupiter,931814.38,625000.0,39,36340761,March
464,Condominiums,Key Biscayne,1939028.0,1100000.0,25,48475700,March
465,Condominiums,Lake Park,239600.0,164000.0,5,1198000,March
466,Condominiums,Lake Worth,164082.81,150000.0,32,5250650,March
467,Condominiums,Lantana,289500.0,270000.0,5,1447500,March
468,Condominiums,Lauderdale By The Sea,457676.47,380000.0,17,7780500,March
469,Condominiums,Lauderdale Lakes,136500.0,135000.0,10,1365000,March
470,Condominiums,Lauderhill,149583.33,129000.0,30,4487500,March
472,Condominiums,Margate,198402.38,171000.0,42,8332900,March
473,Condominiums,Miramar,293293.75,282500.0,16,4692700,March
474,Condominiums,Miami,926989.79,601000.0,235,217842600,March
475,Condominiums,Miami Beach,1392264.09,525000.0,181,251999800,March
476,Condominiums,Miami Gardens,319073.33,344000.0,15,4786100,March
477,Condominiums,Miami Lakes,416200.0,480000.0,5,2081000,March
480,Condominiums,North Lauderdale,192437.5,192000.0,8,1539500,March
481,Condominiums,North Palm Beach,728094.1,384500.0,31,22570917,March
482,Condominiums,North Bay Village,323888.89,265000.0,9,2915000,March
483,Condominiums,North Miami,247807.14,210000.0,14,3469300,March
484,Condominiums,North Miami Beach,420485.71,325000.0,7,2943400,March
485,Condominiums,Oakland Park,190875.0,179500.0,12,2290500,March
488,Condominiums,Palm Beach,3077978.6,2150000.0,30,92339358,March
489,Condominiums,Palm Beach Gardens,583650.0,311500.0,20,11673000,March
493,Condominiums,Pembroke Pines,212009.8,199000.0,51,10812500,March
494,Condominiums,Plantation,260516.13,249000.0,31,8076000,March
495,Condominiums,Pompano Beach,318045.63,275000.0,103,32758700,March
498,Condominiums,Riviera Beach,918035.71,660000.0,14,12852500,March
499,Condominiums,Royal Palm Beach,205312.5,200000.0,8,1642500,March
500,Condominiums,South Palm Beach,411277.78,350000.0,9,3701500,March
501,Condominiums,Sunrise,198466.67,166500.0,42,8335600,March
502,Condominiums,South Miami,354000.0,375000.0,5,1770000,March
503,Condominiums,Sunny Isles Beach,1768131.25,1057500.0,64,113160400,March
504,Condominiums,Surfside,4102330.0,694550.0,10,41023300,March
506,Condominiums,Tamarac,207618.42,176000.0,38,7889500,March
507,Condominiums,Tequesta,528240.43,430000.0,7,3697683,March
508,Condominiums,Unincorporated County,403968.16,336500.0,312,126038067,March
509,Condominiums,Wellington,428571.43,380000.0,7,3000000,March
510,Condominiums,West Palm Beach,687095.62,242000.0,137,94132100,March
511,Condominiums,Weston,411666.67,358500.0,6,2470000,March
512,Condominiums,Wilton Manors,319444.44,305000.0,9,2875000,March
515,Condominiums,Aventura,666644.44,408000.0,72,47998400,April
516,Condominiums,Boca Raton,619285.19,337000.0,179,110852049,April
517,Condominiums,Boynton Beach,296611.62,259000.0,79,23432318,April
518,Condominiums,Bal Harbour,3206144.44,1490300.0,9,28855300,April
519,Condominiums,Bay Harbor Islands,683550.0,500000.0,6,4101300,April
520,Condominiums,Coconut Creek,188885.71,195250.0,28,5288800,April
521,Condominiums,Coral Springs,227753.85,214500.0,26,5921600,April
522,Condominiums,Coral Gables,929916.67,570000.0,30,27897500,April
523,Condominiums,Cutler Bay,317833.33,300000.0,15,4767500,April
524,Condominiums,Dania Beach,193027.78,179750.0,18,3474500,April
525,Condominiums,Davie,251953.33,247500.0,30,7558600,April
526,Condominiums,Deerfield Beach,306473.13,225000.0,67,20533700,April
527,Condominiums,Delray Beach,315338.11,225000.0,131,41309293,April
528,Condominiums,Doral,477269.09,458000.0,55,26249800,April
529,Condominiums,Fort Lauderdale,748581.4,446000.0,129,96567000,April
531,Condominiums,Greenacres,199729.17,172400.0,24,4793500,April
533,Condominiums,Hallandale Beach,421144.83,373750.0,58,24426400,April
534,Condominiums,Highland Beach,1508050.0,970000.0,10,15080500,April
535,Condominiums,Hillsboro Beach,427733.33,475000.0,9,3849600,April
536,Condominiums,Hollywood,355766.67,275000.0,69,24547900,April
537,Condominiums,Hypoluxo,257100.0,234000.0,5,1285500,April
538,Condominiums,Hialeah,298630.77,255500.0,52,15528800,April
540,Condominiums,Homestead,350608.12,352000.0,41,14374933,April
541,Condominiums,Juno Beach,768535.71,600000.0,14,10759500,April
542,Condominiums,Jupiter,870848.89,555000.0,45,39188200,April
543,Condominiums,Key Biscayne,2028735.29,1000000.0,17,34488500,April
544,Condominiums,Lake Park,263650.0,218000.0,5,1318250,April
545,Condominiums,Lake Worth,179565.88,150000.0,34,6105240,April
546,Condominiums,Lantana,281294.83,268500.0,6,1687769,April
547,Condominiums,Lauderdale By The Sea,636181.82,520000.0,11,6998000,April
548,Condominiums,Lauderdale Lakes,117730.77,110000.0,13,1530500,April
549,Condominiums,Lauderhill,1274157.38,1650000.0,61,77723600,April
550,Condominiums,Lighthouse Point,330900.0,287000.0,5,1654500,April
551,Condominiums,Margate,245250.0,167500.0,24,5886000,April
552,Condominiums,Miramar,343600.0,320000.0,15,5154000,April
553,Condominiums,Miami,919819.92,631800.0,266,244672100,April
554,Condominiums,Miami Beach,1013785.63,530000.0,174,176398700,April
555,Condominiums,Miami Gardens,226531.58,196600.0,19,4304100,April
556,Condominiums,Miami Lakes,377977.78,430000.0,9,3401800,April
558,Condominiums,North Lauderdale,204571.43,220000.0,7,1432000,April
559,Condominiums,North Palm Beach,622076.0,365000.0,25,15551900,April
560,Condominiums,North Bay Village,423935.71,374500.0,14,5935100,April
561,Condominiums,North Miami,252950.0,206000.0,20,5059000,April
562,Condominiums,North Miami Beach,662545.45,470000.0,11,7288000,April
563,Condominiums,Oakland Park,172434.78,170000.0,23,3966000,April
565,Condominiums,Palm Beach,2635705.68,1687500.0,28,73799759,April
566,Condominiums,Palm Beach Gardens,572250.0,425000.0,21,12017250,April
569,Condominiums,Pembroke Pines,213080.0,210000.0,55,11719400,April
570,Condominiums,Plantation,242748.57,207000.0,35,8496200,April
571,Condominiums,Pompano Beach,394287.36,284000.0,87,34303000,April
574,Condominiums,Riviera Beach,1239116.38,730000.0,21,26021444,April
576,Condominiums,South Palm Beach,676138.89,400000.0,9,6085250,April
577,Condominiums,Sunrise,198053.57,162500.0,28,5545500,April
579,Condominiums,Sunny Isles Beach,1874382.14,617500.0,56,104965400,April
580,Condominiums,Surfside,1003750.0,700000.0,8,8030000,April
582,Condominiums,Tamarac,208788.1,181250.0,42,8769100,April
583,Condominiums,Tequesta,557000.0,300000.0,5,2785000,April
584,Condominiums,Unincorporated County,474783.81,315000.0,271,128666413,April
585,Condominiums,Wellington,824200.0,575250.0,10,8242000,April
586,Condominiums,West Palm Beach,616565.26,307500.0,170,104816095,April
587,Condominiums,Weston,382220.0,325000.0,20,7644400,April
588,Condominiums,Wilton Manors,426916.67,414000.0,12,5123000,April
591,Condominiums,Aventura,570585.11,550000.0,47,26817500,May
592,Condominiums,Boca Raton,502005.59,320000.0,110,55220615,May
593,Condominiums,Boynton Beach,278968.75,255000.0,64,17854000,May
594,Condominiums,Bal Harbour,2273485.71,1600000.0,7,15914400,May
595,Condominiums,Bay Harbor Islands,811750.0,900000.0,8,6494000,May
596,Condominiums,Coconut Creek,212948.57,205000.0,35,7453200,May
597,Condominiums,Coral Springs,226033.33,229000.0,27,6102900,May
598,Condominiums,Coral Gables,905566.67,615000.0,18,16300200,May
599,Condominiums,Cutler Bay,372542.86,375000.0,7,2607800,May
600,Condominiums,Dania Beach,275228.57,255000.0,7,1926600,May
601,Condominiums,Davie,252604.35,255000.0,23,5809900,May
602,Condominiums,Deerfield Beach,235009.3,175000.0,43,10105400,May
603,Condominiums,Delray Beach,316180.33,237500.0,60,18970820,May
604,Condominiums,Doral,494218.92,465000.0,37,18286100,May
605,Condominiums,Fort Lauderdale,708376.6,452500.0,94,66587400,May
607,Condominiums,Greenacres,172140.74,157000.0,27,4647800,May
608,Condominiums,Hallandale Beach,466189.74,235000.0,39,18181400,May
609,Condominiums,Highland Beach,1121071.43,1070000.0,14,15695000,May
610,Condominiums,Hillsboro Beach,749142.86,710000.0,7,5244000,May
611,Condominiums,Hollywood,353958.46,290000.0,65,23007300,May
613,Condominiums,Hialeah,318424.44,300000.0,45,14329100,May
615,Condominiums,Homestead,345809.52,350000.0,21,7262000,May
616,Condominiums,Juno Beach,727916.67,598750.0,6,4367500,May
617,Condominiums,Jupiter,892762.96,500000.0,27,24104600,May
618,Condominiums,Key Biscayne,1501222.22,1310000.0,18,27022000,May
620,Condominiums,Lake Worth,167023.81,150000.0,21,3507500,May
622,Condominiums,Lauderdale By The Sea,598535.71,592500.0,14,8379500,May
623,Condominiums,Lauderdale Lakes,136544.44,120000.0,9,1228900,May
624,Condominiums,Lauderhill,169173.91,160000.0,23,3891000,May
625,Condominiums,Lighthouse Point,286216.67,307500.0,6,1717300,May
626,Condominiums,Margate,193470.0,195000.0,20,3869400,May
627,Condominiums,Miramar,330150.0,346500.0,18,5942700,May
628,Condominiums,Miami,819799.02,516600.0,205,168058800,May
629,Condominiums,Miami Beach,1696592.31,539900.0,169,286724100,May
630,Condominiums,Miami Gardens,269666.67,280000.0,9,2427000,May
631,Condominiums,Miami Lakes,445000.0,530000.0,7,3115000,May
633,Condominiums,North Lauderdale,7998925.71,9300000.0,35,279962400,May
634,Condominiums,North Palm Beach,1254333.33,1375000.0,9,11289000,May
635,Condominiums,North Bay Village,515575.0,317000.0,8,4124600,May
636,Condominiums,North Miami,321136.36,250000.0,11,3532500,May
637,Condominiums,North Miami Beach,922933.33,707500.0,9,8306400,May
638,Condominiums,Oakland Park,188572.22,187900.0,18,3394300,May
641,Condominiums,Palm Beach,2843805.26,2000000.0,19,54032300,May
642,Condominiums,Palm Beach Gardens,780183.33,373000.0,15,11702750,May
646,Condominiums,Pembroke Pines,212670.73,200000.0,41,8719500,May
647,Condominiums,Plantation,233634.62,199000.0,26,6074500,May
648,Condominiums,Pompano Beach,346990.79,289500.0,76,26371300,May
651,Condominiums,Riviera Beach,1051466.67,670000.0,15,15772000,May
654,Condominiums,Sunrise,235434.62,187500.0,26,6121300,May
656,Condominiums,Sunny Isles Beach,1877436.36,775000.0,44,82607200,May
657,Condominiums,Surfside,3587272.73,625000.0,11,39460000,May
658,Condominiums,Tamarac,174875.0,164500.0,36,6295500,May
659,Condominiums,Tequesta,798450.0,452000.0,10,7984500,May
660,Condominiums,Unincorporated County,448208.33,359500.0,228,102191500,May
661,Condominiums,Wellington,485833.33,492500.0,6,2915000,May
662,Condominiums,West Palm Beach,479631.18,272000.0,101,48442749,May
663,Condominiums,Weston,366875.0,310000.0,8,2935000,May
664,Condominiums,Wilton Manors,306512.5,242500.0,8,2452100,May
670,Condominiums,Coconut Creek,183766.67,162000.0,9,1653900,June
671,Condominiums,Coral Springs,229888.89,195000.0,9,2069000,June
674,Condominiums,Davie,179400.0,200000.0,7,1255800,June
675,Condominiums,Deerfield Beach,184300.0,159000.0,10,1843000,June
677,Condominiums,Fort Lauderdale,654403.45,469000.0,29,18977700,June
679,Condominiums,Hallandale Beach,311250.0,266000.0,12,3735000,June
681,Condominiums,Hollywood,332882.35,305000.0,17,5659000,June
687,Condominiums,Margate,165950.0,156000.0,10,1659500,June
688,Condominiums,Miramar,303900.0,279000.0,5,1519500,June
689,Condominiums,Miami,995857.14,437000.0,14,13942000,June
694,Condominiums,Oakland Park,247187.5,232500.0,8,1977500,June
696,Condominiums,Pembroke Pines,193818.18,180000.0,11,2132000,June
697,Condominiums,Plantation,274625.0,273500.0,8,2197000,June
698,Condominiums,Pompano Beach,537577.27,367500.0,22,11826700,June
700,Condominiums,Sunrise,125500.0,118000.0,5,627500,June
702,Condominiums,Tamarac,167250.0,150000.0,8,1338000,June
703,Condominiums,Unincorporated County,268842.86,250000.0,7,1881900,June
709,Cooperatives,Fort Lauderdale,406750.0,336500.0,8,3254000,January
721,Cooperatives,Boynton Beach,131166.67,132500.0,6,787000,February
723,Cooperatives,Fort Lauderdale,321833.33,271350.0,12,3862000,February
724,Cooperatives,Hallandale Beach,186777.78,177000.0,9,1681000,February
733,Cooperatives,Pembroke Park,227333.33,180000.0,6,1364000,February
734,Cooperatives,Pompano Beach,239666.67,261500.0,6,1438000,February
739,Cooperatives,Boynton Beach,169436.44,157500.0,9,1524928,March
744,Cooperatives,Fort Lauderdale,353390.0,329500.0,20,7067800,March
745,Cooperatives,Hallandale Beach,167691.67,151750.0,12,2012300,March
749,Cooperatives,Lauderdale By The Sea,363500.0,294500.0,8,2908000,March
752,Cooperatives,Palm Beach,2052500.0,1700000.0,6,12315000,March
753,Cooperatives,Pembroke Park,296050.0,300000.0,10,2960500,March
754,Cooperatives,Pompano Beach,223642.86,217000.0,7,1565500,March
758,Cooperatives,Boynton Beach,159187.5,155000.0,8,1273500,April
762,Cooperatives,Fort Lauderdale,315176.92,299000.0,13,4097300,April
763,Cooperatives,Hallandale Beach,213136.36,180000.0,11,2344500,April
771,Cooperatives,Palm Beach,1793857.14,750000.0,7,12557000,April
773,Cooperatives,Pembroke Park,194875.0,145000.0,8,1559000,April
774,Cooperatives,Pompano Beach,277850.0,227500.0,10,2778500,April
780,Cooperatives,Fort Lauderdale,355362.5,345000.0,8,2842900,May
789,Cooperatives,Pembroke Park,199400.0,174000.0,5,997000,May
807,Mobile Homes,Davie,203350.0,179000.0,10,2033500,February
808,Mobile Homes,Deerfield Beach,155980.0,135000.0,5,779900,February
812,Mobile Homes,Dania Beach,282857.14,297000.0,7,1980000,March
813,Mobile Homes,Davie,224191.67,192450.0,12,2690300,March
817,Mobile Homes,Jupiter,365500.0,365000.0,5,1827500,March
824,Mobile Homes,Dania Beach,298800.0,299000.0,5,1494000,April
826,Mobile Homes,Deerfield Beach,200833.33,207500.0,6,1205000,April
836,Mobile Homes,Dania Beach,252777.78,250000.0,9,2275000,May
837,Mobile Homes,Davie,169980.0,155900.0,5,849900,May
842,Other,Boca Raton,3618000.0,2300000.0,5,18090000,January
844,Other,Coral Springs,3377916.67,1443750.0,6,20267500,January
848,Other,Delray Beach,5090000.0,4150000.0,5,25450000,January
849,Other,Doral,5131280.0,4700000.0,5,25656400,January
850,Other,Fort Lauderdale,3007122.22,1900000.0,9,27064100,January
852,Other,Hollywood,1557133.33,1630000.0,6,9342800,January
853,Other,Hialeah,3504309.57,3500000.0,7,24530167,January
857,Other,Lake Worth,1137500.0,1137500.0,8,9100000,January
863,Other,Miami,9760000.0,4000000.0,15,146400000,January
873,Other,Pompano Beach,918125.0,612500.0,8,7345000,January
877,Other,Sunrise,1876000.0,1120000.0,5,9380000,January
880,Other,Unincorporated County,3655289.47,1225000.0,38,138901000,January
881,Other,Wellington,22610000.0,3650000.0,5,113050000,January
885,Other,,75667814.29,68400000.0,7,529674700,January
893,Other,Davie,5366783.33,5720050.0,6,32200700,February
905,Other,Lake Worth,34946125.0,35775000.0,10,349461250,February
908,Other,Miami,4482890.91,2150000.0,22,98623600,February
913,Other,Opa-Locka,5647400.0,8533000.0,5,28237000,February
918,Other,Pompano Beach,1455225.0,1050000.0,8,11641800,February
921,Other,Sunrise,2138357.14,1400000.0,7,14968500,February
922,Other,Unincorporated County,1664745.1,540000.0,51,84902000,February
923,Other,Wellington,4605000.0,5600000.0,5,23025000,February
924,Other,West Palm Beach,1366750.82,750000.0,11,15034259,February
934,Other,Davie,22525000.0,34275000.0,5,112625000,March
937,Other,Doral,5675271.43,4000000.0,7,39726900,March
938,Other,Fort Lauderdale,9509285.71,580000.0,7,66565000,March
944,Other,Hialeah,9237682.35,2900000.0,17,157040600,March
946,Other,Jupiter,1955000.0,890000.0,5,9775000,March
955,Other,Miami,4255817.86,2550000.0,28,119162900,March
970,Other,Unincorporated County,2071860.0,700000.0,75,155389500,March
972,Other,West Palm Beach,12002266.71,3945867.0,14,168031734,March
979,Other,Coral Springs,5154200.0,1218000.0,5,25771000,April
983,Other,Doral,1155000.0,1200000.0,5,5775000,April
987,Other,Hialeah,3263888.89,4085000.0,9,29375000,April
989,Other,Homestead,1058460.0,750000.0,5,5292300,April
990,Other,Jupiter,1337600.0,1200000.0,5,6688000,April
993,Other,Lake Worth,1747833.33,1300000.0,6,10487000,April
998,Other,Miami,3199888.89,2200000.0,9,28799000,April
1003,Other,Opa-Locka,3128571.43,4000000.0,7,21900000,April
1005,Other,Plantation,3481412.5,3850000.0,8,27851300,April
1006,Other,Pompano Beach,3894646.15,3990000.0,13,50630400,April
1012,Other,Unincorporated County,1544075.86,581300.0,58,89556400,April
1014,Other,West Palm Beach,3582732.35,620000.0,17,60906450,April
1016,Other,,5618000.0,2430000.0,5,28090000,April
1025,Other,Deerfield Beach,12617857.14,5085000.0,7,88325000,May
1026,Other,Delray Beach,1586846.22,1550000.0,9,14281616,May
1027,Other,Doral,6079050.0,4709650.0,6,36474300,May
1033,Other,Hialeah,1607142.86,900000.0,7,11250000,May
1035,Other,Jupiter,3183333.33,2425000.0,6,19100000,May
1036,Other,Lake Worth,4105076.92,4250000.0,13,53366000,May
1038,Other,Margate,9070000.0,11250000.0,5,45350000,May
1040,Other,Medley,3171428.57,3100000.0,7,22200000,May
1041,Other,Miami,1835454.55,1425000.0,11,20190000,May
1049,Other,Pompano Beach,7557142.86,4700000.0,7,52900000,May
1050,Other,Palmetto Bay,5750000.0,5750000.0,5,28750000,May
1056,Other,Unincorporated County,9657346.43,987500.0,28,270405700,May
1058,Other,West Palm Beach,23385714.29,3500000.0,7,163700000,May
1069,Single Family,Boca Raton,1344125.04,959050.0,164,220436506,January
1070,Single Family,Boynton Beach,685279.66,520000.0,149,102106669,January
1072,Single Family,Coconut Creek,538140.0,524000.0,25,13453500,January
1073,Single Family,Cooper City,673290.48,580000.0,21,14139100,January
1074,Single Family,Coral Springs,668397.01,645000.0,67,44782600,January
1075,Single Family,Coral Gables,3248611.54,2550000.0,26,84463900,January
1076,Single Family,Cutler Bay,637008.7,615000.0,23,14651200,January
1077,Single Family,Dania Beach,488714.29,540000.0,14,6842000,January
1078,Single Family,Davie,968734.78,693750.0,46,44561800,January
1079,Single Family,Deerfield Beach,457843.24,406300.0,37,16940200,January
1080,Single Family,Delray Beach,1657720.04,650000.0,119,197268685,January
1081,Single Family,Doral,1230000.0,962500.0,8,9840000,January
1083,Single Family,Fort Lauderdale,1746931.67,828750.0,120,209631800,January
1086,Single Family,Greenacres,379172.31,355000.0,13,4929240,January
1089,Single Family,Hallandale Beach,1065433.33,435000.0,9,9588900,January
1091,Single Family,Hollywood,625595.71,550000.0,70,43791700,January
1093,Single Family,Hialeah,493580.65,525000.0,31,15301000,January
1095,Single Family,Homestead,489646.43,489500.0,28,13710100,January
1096,Single Family,Jupiter,1357679.88,818000.0,68,92322232,January
1100,Single Family,Lake Worth,616429.14,495000.0,87,53629335,January
1103,Single Family,Lauderdale Lakes,367508.33,366000.0,12,4410100,January
1104,Single Family,Lauderhill,403695.65,399900.0,23,9285000,January
1106,Single Family,Lighthouse Point,1754363.64,1500000.0,11,19298000,January
1107,Single Family,Loxahatchee,652323.95,647500.0,20,13046479,January
1109,Single Family,Margate,400782.61,405000.0,23,9218000,January
1110,Single Family,Miramar,605886.67,565000.0,45,27264900,January
1112,Single Family,Miami,1307810.81,650000.0,74,96778000,January
1113,Single Family,Miami Beach,5816692.0,3100000.0,25,145417300,January
1114,Single Family,Miami Gardens,434794.29,419000.0,35,15217800,January
1116,Single Family,Miami Shores,1460000.0,1302500.0,12,17520000,January
1118,Single Family,North Lauderdale,363426.67,375000.0,15,5451400,January
1121,Single Family,North Miami,826445.45,540000.0,11,9090900,January
1122,Single Family,North Miami Beach,846080.0,508500.0,10,8460800,January
1123,Single Family,Oakland Park,522582.61,485000.0,23,12019400,January
1125,Single Family,Opa-Locka,352100.0,350000.0,5,1760500,January
1127,Single Family,Palm Beach,14620370.31,14425000.0,16,233925925,January
1128,Single Family,Palm Beach Gardens,3296969.18,1119800.0,115,379151456,January
1130,Single Family,Palm Springs,434375.0,482500.0,8,3475000,January
1131,Single Family,Parkland,1247534.48,1130000.0,29,36178500,January
1133,Single Family,Pembroke Pines,596982.09,590000.0,67,39997800,January
1134,Single Family,Plantation,751343.1,650650.0,58,43577900,January
1135,Single Family,Pompano Beach,705804.92,450000.0,61,43054100,January
1136,Single Family,Palmetto Bay,1148823.53,1125000.0,17,19530000,January
1137,Single Family,Pinecrest,3573300.0,1737500.0,9,32159700,January
1138,Single Family,Riviera Beach,428368.42,375000.0,19,8139000,January
1139,Single Family,Royal Palm Beach,457707.89,515000.0,19,8696450,January
1140,Single Family,Southwest Ranches,1283260.0,1300000.0,5,6416300,January
1141,Single Family,Sunrise,426728.57,425000.0,35,14935500,January
1142,Single Family,South Miami,1642428.57,1385000.0,7,11497000,January
1145,Single Family,Tamarac,398004.44,390000.0,45,17910200,January
1147,Single Family,Unincorporated,347177.78,350000.0,9,3124600,January
1148,Single Family,Unincorporated County,774818.48,640000.0,303,234770000,January
1150,Single Family,Wellington,943570.0,692500.0,50,47178500,January
1151,Single Family,West Palm Beach,728468.62,475000.0,109,79403080,January
1152,Single Family,West Park,367072.73,350000.0,11,4037800,January
1153,Single Family,Westlake,623145.76,647678.0,29,18071227,January
1154,Single Family,Weston,982402.63,867500.0,38,37331300,January
1155,Single Family,Wilton Manors,874928.57,750000.0,7,6124500,January
1156,Single Family,West Miami,665500.0,660000.0,5,3327500,January
1157,Single Family,Belle Glade,306800.0,285000.0,5,1534000,February
1158,Single Family,Boca Raton,1542677.85,860000.0,177,273053980,February
1159,Single Family,Boynton Beach,621553.82,521250.0,166,103177934,February
1161,Single Family,Coconut Creek,712889.47,505000.0,19,13544900,February
1162,Single Family,Cooper City,739006.06,695000.0,33,24387200,February
1163,Single Family,Coral Springs,681001.96,675000.0,51,34731100,February
1164,Single Family,Coral Gables,3688650.0,2325000.0,20,73773000,February
1165,Single Family,Cutler Bay,658354.55,572500.0,22,14483800,February
1166,Single Family,Dania Beach,540088.89,455000.0,18,9721600,February
1167,Single Family,Davie,934154.76,682500.0,42,39234500,February
1168,Single Family,Deerfield Beach,519868.42,440000.0,38,19755000,February
1169,Single Family,Delray Beach,1093929.54,659500.0,109,119238320,February
1170,Single Family,Doral,1347500.0,1350000.0,9,12127500,February
1172,Single Family,Fort Lauderdale,1445380.58,830000.0,103,148874200,February
1173,Single Family,Florida City,515783.33,569900.0,6,3094700,February
1174,Single Family,Greenacres,437352.94,380000.0,17,7435000,February
1179,Single Family,Hollywood,576388.31,474900.0,77,44381900,February
1181,Single Family,Hialeah,539623.81,575000.0,42,22664200,February
1183,Single Family,Homestead,487206.9,485500.0,29,14129000,February
1185,Single Family,Jupiter,1945972.15,765000.0,71,138164023,February
1186,Single Family,Key Biscayne,4735300.0,4000000.0,5,23676500,February
1189,Single Family,Lake Worth,547815.33,499995.0,112,61355317,February
1190,Single Family,Lantana,405580.0,430000.0,5,2027900,February
1193,Single Family,Lauderhill,390300.0,385000.0,21,8196300,February
1194,Single Family,Lighthouse Point,1264992.31,880000.0,13,16444900,February
1195,Single Family,Loxahatchee,689433.44,665000.0,25,17235836,February
1197,Single Family,Margate,402620.97,392500.0,32,12883871,February
1198,Single Family,Miramar,623239.29,572000.0,56,34901400,February
1199,Single Family,Miami,1784773.49,830000.0,83,148136200,February
1200,Single Family,Miami Beach,19508500.0,7932500.0,16,312136000,February
1201,Single Family,Miami Gardens,433469.23,479900.0,39,16905300,February
1202,Single Family,Miami Lakes,915800.0,800000.0,15,13737000,February
1203,Single Family,Miami Shores,1393958.33,1212500.0,12,16727500,February
1204,Single Family,Miami Springs,784400.0,851000.0,5,3922000,February
1205,Single Family,North Lauderdale,360980.95,355000.0,21,7580600,February
1206,Single Family,North Palm Beach,2678073.3,1082500.0,10,26780733,February
1208,Single Family,North Miami,758540.0,477000.0,15,11378100,February
1209,Single Family,North Miami Beach,476661.54,450000.0,13,6196600,February
1210,Single Family,Oakland Park,535172.41,490000.0,29,15520000,February
1214,Single Family,Palm Beach,17233125.0,15500000.0,7,120631875,February
1215,Single Family,Palm Beach Gardens,1173995.28,758437.5,104,122095509,February
1217,Single Family,Palm Springs,356187.5,359750.0,8,2849500,February
1218,Single Family,Parkland,967970.27,895000.0,37,35814900,February
1219,Single Family,Pembroke Pines,635718.18,630000.0,88,55943200,February
1220,Single Family,Plantation,730900.0,570000.0,48,35083200,February
1221,Single Family,Pompano Beach,657381.82,484600.0,55,36156000,February
1222,Single Family,Palmetto Bay,1194010.44,1142500.0,16,19104167,February
1223,Single Family,Pinecrest,2519700.0,2399500.0,10,25197000,February
1224,Single Family,Riviera Beach,791992.59,375000.0,27,21383800,February
1225,Single Family,Royal Palm Beach,472777.25,499000.0,28,13237763,February
1227,Single Family,Sunrise,548252.63,532450.0,38,20833600,February
1228,Single Family,South Miami,1814166.67,1282500.0,6,10885000,February
1232,Single Family,Tamarac,414332.56,390000.0,43,17816300,February
1233,Single Family,Tequesta,1045593.4,902500.0,10,10455934,February
1234,Single Family,Unincorporated,434800.0,399000.0,8,3478400,February
1235,Single Family,Unincorporated County,773539.6,625000.0,346,267644700,February
1237,Single Family,Wellington,988271.7,715000.0,53,52378400,February
1238,Single Family,West Palm Beach,713602.86,506000.0,140,99904401,February
1239,Single Family,West Park,373955.56,400000.0,9,3365600,February
1240,Single Family,Westlake,676291.19,634822.0,16,10820659,February
1241,Single Family,Weston,1023890.24,900000.0,41,41979500,February
1242,Single Family,Wilton Manors,684837.5,740000.0,16,10957400,February
1243,Single Family,West Miami,621200.0,750000.0,5,3106000,February
1245,Single Family,Atlantis,749275.0,775000.0,5,3746375,March
1247,Single Family,Belle Glade,252000.0,190000.0,5,1260000,March
1248,Single Family,Boca Raton,1321890.07,865000.0,241,318575508,March
1249,Single Family,Boynton Beach,525322.83,475000.0,221,116096345,March
1252,Single Family,Coconut Creek,549053.12,535000.0,32,17569700,March
1253,Single Family,Cooper City,710686.05,649500.0,43,30559500,March
1254,Single Family,Coral Springs,682606.67,654500.0,90,61434600,March
1255,Single Family,Coral Gables,3263454.17,2320000.0,24,78322900,March
1256,Single Family,Cutler Bay,649683.87,635000.0,31,20140200,March
1257,Single Family,Dania Beach,450325.0,405000.0,16,7205200,March
1258,Single Family,Davie,979717.39,735000.0,46,45067000,March
1259,Single Family,Deerfield Beach,665266.67,420000.0,51,33928600,March
1260,Single Family,Delray Beach,900871.27,605000.0,143,128824591,March
1261,Single Family,Doral,1150039.29,960000.0,28,32201100,March
1263,Single Family,Fort Lauderdale,1343861.25,682500.0,160,215017800,March
1264,Single Family,Florida City,470077.78,485000.0,9,4230700,March
1266,Single Family,Greenacres,380203.57,367500.0,28,10645700,March
1269,Single Family,Hallandale Beach,481250.0,429500.0,8,3850000,March
1272,Single Family,Hollywood,601021.74,529500.0,92,55294000,March
1274,Single Family,Hialeah,531649.09,565000.0,55,29240700,March
1276,Single Family,Homestead,466941.46,475000.0,41,19144600,March
1278,Single Family,Jupiter,1203140.63,717500.0,102,122720344,March
1281,Single Family,Lake Clarke Shores,672600.0,615000.0,5,3363000,March
1282,Single Family,Lake Park,421812.5,401000.0,8,3374500,March
1283,Single Family,Lake Worth,524987.42,522000.0,118,61948515,March
1284,Single Family,Lantana,649833.33,415000.0,6,3899000,March
1286,Single Family,Lauderdale Lakes,362227.27,347000.0,11,3984500,March
1287,Single Family,Lauderhill,413924.0,389900.0,25,10348100,March
1288,Single Family,Lighthouse Point,1371200.0,1050000.0,21,28795200,March
1289,Single Family,Loxahatchee,615020.0,625000.0,35,21525700,March
1292,Single Family,Margate,428457.14,422500.0,42,17995200,March
1293,Single Family,Miramar,644970.42,590000.0,71,45792900,March
1294,Single Family,Miami,1247230.39,677500.0,102,127217500,March
1295,Single Family,Miami Beach,9569481.25,3825000.0,16,153111700,March
1296,Single Family,Miami Gardens,417222.78,383300.0,79,32960600,March
1298,Single Family,Miami Shores,1345668.42,1250000.0,19,25567700,March
1299,Single Family,Miami Springs,626800.0,635000.0,5,3134000,March
1300,Single Family,North Lauderdale,367314.29,362500.0,14,5142400,March
1301,Single Family,North Palm Beach,2918269.23,770000.0,13,37937500,March
1303,Single Family,North Miami,1205519.23,540000.0,26,31343500,March
1304,Single Family,North Miami Beach,868990.0,407500.0,10,8689900,March
1305,Single Family,Oakland Park,526822.22,480000.0,27,14224200,March
1307,Single Family,Opa-Locka,325418.18,294800.0,11,3579600,March
1309,Single Family,Palm Beach,15353364.29,14000000.0,7,107473550,March
1310,Single Family,Palm Beach Gardens,1174189.94,740000.0,135,158515642,March
1312,Single Family,Palm Springs,405815.91,427450.0,11,4463975,March
1313,Single Family,Parkland,1346305.56,1147500.0,36,48467000,March
1314,Single Family,Pembroke Pines,585041.3,600000.0,92,53823800,March
1315,Single Family,Plantation,725701.72,667500.0,58,42090700,March
1316,Single Family,Pompano Beach,732498.15,482500.0,54,39554900,March
1317,Single Family,Palmetto Bay,1585990.0,1143250.0,20,31719800,March
1318,Single Family,Pinecrest,3495411.11,2970000.0,18,62917400,March
1319,Single Family,Riviera Beach,753939.18,345000.0,28,21110297,March
1320,Single Family,Royal Palm Beach,543149.42,529000.0,43,23355425,March
1322,Single Family,Southwest Ranches,2526000.0,1930000.0,5,12630000,March
1323,Single Family,Sunrise,483581.03,483000.0,58,28047700,March
1328,Single Family,Tamarac,423911.11,390000.0,63,26706400,March
1329,Single Family,Tequesta,707272.73,710000.0,11,7780000,March
1330,Single Family,Unincorporated,417675.0,475000.0,8,3341400,March
1331,Single Family,Unincorporated County,756218.81,630000.0,505,381890500,March
1333,Single Family,Wellington,677882.96,600000.0,69,46773924,March
1334,Single Family,West Palm Beach,701154.25,517500.0,162,113586988,March
1335,Single Family,West Park,378000.0,375000.0,15,5670000,March
1336,Single Family,Westlake,690111.62,656250.0,16,11041786,March
1337,Single Family,Weston,813501.92,755000.0,52,42302100,March
1338,Single Family,Wilton Manors,833743.48,799000.0,23,19176100,March
1341,Single Family,Aventura,1170600.0,1108000.0,5,5853000,April
1342,Single Family,Belle Glade,330333.33,344000.0,6,1982000,April
1343,Single Family,Boca Raton,1443920.07,815000.0,243,350872577,April
1344,Single Family,Boynton Beach,579372.32,480000.0,198,114715719,April
1348,Single Family,Coconut Creek,635718.75,558250.0,32,20343000,April
1349,Single Family,Cooper City,820918.18,750000.0,33,27090300,April
1350,Single Family,Coral Springs,701560.23,647500.0,88,61737300,April
1351,Single Family,Coral Gables,3430970.27,2275000.0,37,126945900,April
1352,Single Family,Cutler Bay,613551.72,585000.0,29,17793000,April
1353,Single Family,Dania Beach,710004.17,482000.0,24,17040100,April
1354,Single Family,Davie,776700.0,623750.0,58,45048600,April
1355,Single Family,Deerfield Beach,560877.55,450000.0,49,27483000,April
1356,Single Family,Delray Beach,1231054.64,630000.0,139,171116595,April
1357,Single Family,Doral,1052473.68,970000.0,19,19997000,April
1359,Single Family,Fort Lauderdale,1707433.33,667500.0,138,235625800,April
1360,Single Family,Florida City,452414.29,499900.0,7,3166900,April
1361,Single Family,Greenacres,392887.5,342500.0,32,12572400,April
1364,Single Family,Hallandale Beach,514640.0,472500.0,10,5146400,April
1367,Single Family,Hollywood,695905.77,570000.0,104,72374200,April
1368,Single Family,Hypoluxo,958700.0,1096000.0,5,4793500,April
1369,Single Family,Hialeah,556907.89,570000.0,38,21162500,April
1371,Single Family,Homestead,524246.67,527500.0,30,15727400,April
1373,Single Family,Jupiter,1511720.17,785000.0,133,201058782,April
1378,Single Family,Lake Worth,559598.22,495000.0,139,77784153,April
1379,Single Family,Lantana,1491666.67,567500.0,6,8950000,April
1381,Single Family,Lauderdale Lakes,419285.71,415000.0,7,2935000,April
1382,Single Family,Lauderhill,396031.25,402500.0,32,12673000,April
1383,Single Family,Lighthouse Point,1896636.36,1683000.0,11,20863000,April
1384,Single Family,Loxahatchee,694611.31,642500.0,36,25006007,April
1386,Single Family,Mangonia Park,334660.0,352000.0,6,2007960,April
1387,Single Family,Margate,398023.26,385000.0,43,17115000,April
1388,Single Family,Miramar,693741.24,590000.0,97,67292900,April
1389,Single Family,Miami,1359165.31,735000.0,98,133198200,April
1390,Single Family,Miami Beach,6688846.43,2680000.0,28,187287700,April
1391,Single Family,Miami Gardens,455651.02,465000.0,49,22326900,April
1392,Single Family,Miami Lakes,816852.94,805000.0,17,13886500,April
1393,Single Family,Miami Shores,2311650.0,1120000.0,10,23116500,April
1394,Single Family,Miami Springs,760027.83,713750.0,6,4560167,April
1395,Single Family,North Lauderdale,383738.89,385000.0,36,13814600,April
1396,Single Family,North Palm Beach,2559742.11,1500000.0,19,48635100,April
1398,Single Family,North Miami,1016664.29,477500.0,14,14233300,April
1399,Single Family,North Miami Beach,976222.22,765000.0,9,8786000,April
1400,Single Family,Oakland Park,490702.86,434000.0,35,17174600,April
1402,Single Family,Opa-Locka,377175.0,343500.0,8,3017400,April
1404,Single Family,Palm Beach,17046904.55,14000000.0,11,187515950,April
1405,Single Family,Palm Beach Gardens,1134082.61,755000.0,138,156503400,April
1406,Single Family,Palm Springs,394727.27,410000.0,11,4342000,April
1407,Single Family,Parkland,1303270.73,1250000.0,41,53434100,April
1409,Single Family,Pembroke Pines,641296.74,610500.0,92,58999300,April
1410,Single Family,Plantation,691323.08,655000.0,65,44936000,April
1411,Single Family,Pompano Beach,631574.63,510000.0,67,42315500,April
1412,Single Family,Palmetto Bay,1386377.27,1137500.0,22,30500300,April
1413,Single Family,Pinecrest,2593541.18,2150000.0,17,44090200,April
1414,Single Family,Riviera Beach,587465.97,324850.0,32,18798911,April
1415,Single Family,Royal Palm Beach,471539.85,510000.0,34,16032355,April
1418,Single Family,Sunrise,465956.86,480000.0,51,23763800,April
1419,Single Family,South Miami,1046350.0,1050000.0,6,6278100,April
1422,Single Family,Tamarac,410446.67,390000.0,45,18470100,April
1423,Single Family,Tequesta,1702808.62,830000.0,8,13622469,April
1424,Single Family,Unincorporated,383300.0,404500.0,10,3833000,April
1425,Single Family,Unincorporated County,722117.83,635000.0,471,340117500,April
1427,Single Family,Wellington,842850.85,645000.0,59,49728200,April
1428,Single Family,West Palm Beach,725524.97,490000.0,192,139300795,April
1429,Single Family,West Park,414318.75,420000.0,16,6629100,April
1430,Single Family,Westlake,622940.17,580000.0,12,7475282,April
1431,Single Family,Weston,1056677.08,887500.0,48,50720500,April
1432,Single Family,Wilton Manors,924177.27,805500.0,22,20331900,April
1437,Single Family,Boca Raton,1522500.91,775000.0,169,257302654,May
1438,Single Family,Boynton Beach,600131.29,540000.0,139,83418249,May
1441,Single Family,Coconut Creek,535983.33,525000.0,24,12863600,May
1442,Single Family,Cooper City,710029.17,650000.0,24,17040700,May
1443,Single Family,Coral Springs,712058.75,670000.0,80,56964700,May
1444,Single Family,Coral Gables,2904045.16,2530000.0,31,90025400,May
1445,Single Family,Cutler Bay,669668.75,642000.0,16,10714700,May
1446,Single Family,Dania Beach,464169.23,500000.0,13,6034200,May
1447,Single Family,Davie,978874.32,770000.0,74,72436700,May
1448,Single Family,Deerfield Beach,559420.93,475000.0,43,24055100,May
1449,Single Family,Delray Beach,1088766.3,720000.0,91,99077733,May
1450,Single Family,Doral,993821.05,855000.0,19,18882600,May
1452,Single Family,Fort Lauderdale,927573.44,634500.0,128,118729400,May
1453,Single Family,Florida City,467983.33,457000.0,6,2807900,May
1455,Single Family,Greenacres,360235.44,332500.0,25,9005886,May
1457,Single Family,Hallandale Beach,602100.0,540000.0,10,6021000,May
1460,Single Family,Hollywood,626349.11,537500.0,112,70151100,May
1461,Single Family,Hypoluxo,573866.67,445250.0,6,3443200,May
1462,Single Family,Hialeah,563140.0,575000.0,45,25341300,May
1464,Single Family,Homestead,521176.0,515000.0,25,13029400,May
1466,Single Family,Jupiter,1392337.88,782500.0,66,91894300,May
1468,Single Family,Lake Clarke Shores,821276.0,800000.0,5,4106380,May
1470,Single Family,Lake Worth,527750.86,510000.0,91,48025328,May
1471,Single Family,Lantana,1238380.0,455900.0,5,6191900,May
1473,Single Family,Lauderdale Lakes,436777.78,445000.0,9,3931000,May
1474,Single Family,Lauderhill,417452.78,423500.0,36,15028300,May
1475,Single Family,Lighthouse Point,1756115.79,1331800.0,19,33366200,May
1476,Single Family,Loxahatchee,700669.23,600000.0,26,18217400,May
1478,Single Family,Margate,402664.1,384900.0,39,15703900,May
1479,Single Family,Miramar,577311.39,525000.0,79,45607600,May
1480,Single Family,Miami,1335533.33,745000.0,84,112184800,May
1481,Single Family,Miami Beach,3808600.0,3550000.0,15,57129000,May
1482,Single Family,Miami Gardens,442882.93,440000.0,41,18158200,May
1483,Single Family,Miami Lakes,989000.0,908000.0,8,7912000,May
1484,Single Family,Miami Shores,1250833.33,1215000.0,6,7505000,May
1485,Single Family,Miami Springs,830388.89,775000.0,9,7473500,May
1486,Single Family,North Lauderdale,375507.69,362200.0,13,4881600,May
1487,Single Family,North Palm Beach,2991800.37,1637500.0,19,56844207,May
1489,Single Family,North Miami,938283.33,600000.0,12,11259400,May
1490,Single Family,North Miami Beach,1216195.0,490000.0,20,24323900,May
1491,Single Family,Oakland Park,597046.88,502500.0,32,19105500,May
1493,Single Family,Opa-Locka,352000.0,345000.0,5,1760000,May
1495,Single Family,Palm Beach,8874436.3,7487500.0,10,88744363,May
1496,Single Family,Palm Beach Gardens,987385.96,662250.0,78,77016105,May
1498,Single Family,Palm Springs,320709.33,324950.0,6,1924256,May
1499,Single Family,Parkland,1319966.0,1070000.0,50,65998300,May
1501,Single Family,Pembroke Pines,610802.75,590000.0,109,66577500,May
1502,Single Family,Plantation,918871.93,700000.0,57,52375700,May
1503,Single Family,Pompano Beach,704604.48,477800.0,67,47208500,May
1504,Single Family,Palmetto Bay,1275738.89,1200000.0,18,22963300,May
1505,Single Family,Pinecrest,3348084.62,2300100.0,13,43525100,May
1506,Single Family,Riviera Beach,744713.84,375000.0,19,14149563,May
1507,Single Family,Royal Palm Beach,2856549.62,617000.0,48,137114382,May
1508,Single Family,Southwest Ranches,2060714.29,1675000.0,7,14425000,May
1509,Single Family,Sunrise,472108.0,497500.0,50,23605400,May
1510,Single Family,South Miami,1662333.33,772500.0,6,9974000,May
1513,Single Family,Tamarac,435316.67,399500.0,36,15671400,May
1515,Single Family,Unincorporated,453400.0,440000.0,5,2267000,May
1516,Single Family,Unincorporated County,724304.89,650000.0,368,266544200,May
1517,Single Family,Wellington,842389.9,679500.0,49,41277105,May
1518,Single Family,West Palm Beach,898321.8,465000.0,139,124866730,May
1519,Single Family,West Park,410522.22,435500.0,18,7389400,May
1520,Single Family,Westlake,614600.0,610000.0,5,3073000,May
1521,Single Family,Weston,1177638.89,924000.0,54,63592500,May
1522,Single Family,Wilton Manors,785616.67,755000.0,18,14141100,May
1527,Single Family,Cooper City,954416.67,740000.0,12,11453000,June
1528,Single Family,Coral Springs,747975.0,675000.0,28,20943300,June
1531,Single Family,Davie,2471270.59,775000.0,17,42011600,June
1532,Single Family,Deerfield Beach,458050.0,477500.0,8,3664400,June
1535,Single Family,Fort Lauderdale,847264.71,540000.0,17,14403500,June
1537,Single Family,Hollywood,654721.88,532000.0,32,20951100,June
1543,Single Family,Lauderhill,435500.0,412000.0,6,2613000,June
1544,Single Family,Lighthouse Point,3309066.67,2717500.0,6,19854400,June
1545,Single Family,Margate,416570.0,423900.0,10,4165700,June
1546,Single Family,Miramar,775247.62,605000.0,21,16280200,June
1550,Single Family,North Lauderdale,356100.0,350000.0,5,1780500,June
1551,Single Family,Oakland Park,567409.09,455000.0,11,6241500,June
1553,Single Family,Parkland,1368846.15,1165000.0,13,17795000,June
1554,Single Family,Pembroke Pines,586248.0,468000.0,25,14656200,June
1555,Single Family,Plantation,671752.63,673000.0,19,12763300,June
1556,Single Family,Pompano Beach,606856.25,439000.0,16,9709700,June
1560,Single Family,Sunrise,462881.82,525000.0,11,5091700,June
1562,Single Family,Tamarac,456662.5,425800.0,16,7306600,June
1564,Single Family,Unincorporated County,734845.45,575050.0,22,16166600,June
1568,Single Family,Weston,1815357.14,1152500.0,14,25415000,June
1569,Single Family,Wilton Manors,873166.67,819500.0,6,5239000,June
1572,Vacant Residential,Boynton Beach,1316450.0,1390886.0,12,15797400,January
1574,Vacant Residential,Dania Beach,534948.0,660792.0,8,4279584,January
1575,Vacant Residential,Delray Beach,2807799.67,1934556.0,9,25270197,January
1576,Vacant Residential,Fort Lauderdale,2840666.67,2000000.0,6,17044000,January
1577,Vacant Residential,Florida City,4133147.54,4200000.0,61,252122000,January
1584,Vacant Residential,Homestead,1812308.33,638500.0,12,21747700,January
1588,Vacant Residential,Loxahatchee,1503717.5,1684217.5,6,9022305,January
1589,Vacant Residential,Miami,3241900.0,2500000.0,9,29177100,January
1597,Vacant Residential,Palm Beach Gardens,1281472.0,1067469.5,18,23066496,January
1599,Vacant Residential,Pompano Beach,385600.0,455000.0,5,1928000,January
1604,Vacant Residential,Unincorporated County,1336126.92,702650.0,26,34739300,January
1606,Vacant Residential,West Palm Beach,1670000.0,330000.0,8,13360000,January
1607,Vacant Residential,Westlake,592627.05,441454.0,19,11259914,January
1609,Vacant Residential,,2664101.7,2448000.0,43,114556373,January
1610,Vacant Residential,Boca Raton,2356745.27,2339406.0,15,35351179,February
1611,Vacant Residential,Boynton Beach,1448774.6,1416120.0,25,36219365,February
1616,Vacant Residential,Dania Beach,854818.18,748500.0,11,9403000,February
1619,Vacant Residential,Delray Beach,860505.5,863562.0,10,8605055,February
1624,Vacant Residential,Homestead,3649016.95,1115900.0,59,215292000,February
1628,Vacant Residential,Loxahatchee,1207025.67,1698381.0,21,25347539,February
1630,Vacant Residential,Miami,855833.33,712500.0,6,5135000,February
1631,Vacant Residential,Miami Beach,1289531.25,1184500.0,48,61897500,February
1633,Vacant Residential,Palm Beach Gardens,1230721.33,1145506.5,42,51690296,February
1635,Vacant Residential,Pembroke Pines,657428.57,720000.0,7,4602000,February
1636,Vacant Residential,Pompano Beach,514942.86,458000.0,7,3604600,February
1639,Vacant Residential,Unincorporated County,5388798.68,6462000.0,76,409548700,February
1641,Vacant Residential,West Palm Beach,1354949.6,370000.0,5,6774748,February
1642,Vacant Residential,Westlake,616366.9,553226.0,41,25271043,February
1643,Vacant Residential,,1844413.64,1952000.0,59,108820405,February
1644,Vacant Residential,Boca Raton,2107519.43,1823900.0,28,59010544,March
1645,Vacant Residential,Boynton Beach,1442723.77,1432453.0,31,44724437,March
1647,Vacant Residential,Dania Beach,553200.0,668200.0,5,2766000,March
1649,Vacant Residential,Delray Beach,6225066.88,1050000.0,17,105826137,March
1651,Vacant Residential,Fort Lauderdale,2147656.25,1055000.0,16,34362500,March
1652,Vacant Residential,Florida City,2140166.67,3466400.0,30,64205000,March
1656,Vacant Residential,Homestead,1363365.45,676100.0,55,74985100,March
1659,Vacant Residential,Lake Worth,784941.18,972000.0,17,13344000,March
1661,Vacant Residential,Loxahatchee,1516988.76,1782065.0,25,37924719,March
1662,Vacant Residential,Miami,2473000.0,2275000.0,11,27203000,March
1663,Vacant Residential,Miami Beach,1731497.33,1075000.0,75,129862300,March
1668,Vacant Residential,Palm Beach Gardens,23451143.4,39530000.0,116,2720332634,March
1670,Vacant Residential,Pembroke Pines,730545.45,733000.0,11,8036000,March
1672,Vacant Residential,Pompano Beach,484666.67,459000.0,12,5816000,March
1679,Vacant Residential,Unincorporated County,1038732.14,530000.0,56,58169000,March
1680,Vacant Residential,West Palm Beach,966122.22,575000.0,9,8695100,March
1682,Vacant Residential,Westlake,616503.34,607740.5,50,30825167,March
1685,Vacant Residential,,2266990.59,2274000.0,34,77077680,March
1687,Vacant Residential,Boca Raton,1904383.26,1917255.0,31,59035881,April
1688,Vacant Residential,Boynton Beach,1806281.82,1500000.0,33,59607300,April
1693,Vacant Residential,Delray Beach,4250437.75,1093025.0,8,34003502,April
1694,Vacant Residential,Fort Lauderdale,2175833.33,1860000.0,12,26110000,April
1695,Vacant Residential,Florida City,308242.86,263800.0,7,2157700,April
1699,Vacant Residential,Homestead,4202568.87,5172200.0,106,445472300,April
1700,Vacant Residential,Jupiter,3952160.0,999000.0,5,19760800,April
1701,Vacant Residential,Lake Worth,625983.77,651493.0,13,8137789,April
1704,Vacant Residential,Loxahatchee,1328950.58,1505808.0,19,25250061,April
1706,Vacant Residential,Miami,1225625.0,1037500.0,8,9805000,April
1707,Vacant Residential,Miami Beach,2010212.5,963000.0,24,48245100,April
1717,Vacant Residential,Palm Beach Gardens,1599706.57,1329482.5,44,70387089,April
1718,Vacant Residential,Pembroke Pines,741700.0,739000.0,5,3708500,April
1720,Vacant Residential,Pompano Beach,3035733.33,474000.0,6,18214400,April
1726,Vacant Residential,Unincorporated County,952972.34,600000.0,47,44789700,April
1728,Vacant Residential,West Palm Beach,1326611.11,500000.0,9,11939500,April
1730,Vacant Residential,Westlake,660840.95,636301.0,43,28416161,April
1732,Vacant Residential,,1359587.27,1007400.0,22,29910920,April
1733,Vacant Residential,Boca Raton,1889572.3,1947912.0,20,37791446,May
1734,Vacant Residential,Boynton Beach,1323426.24,1309467.0,17,22498246,May
1736,Vacant Residential,Coral Gables,24897200.0,37500000.0,5,124486000,May
1737,Vacant Residential,Dania Beach,650911.76,618100.0,17,11065500,May
1739,Vacant Residential,Delray Beach,1186767.5,1111205.0,14,16614745,May
1740,Vacant Residential,Fort Lauderdale,1892222.22,1300000.0,9,17030000,May
1741,Vacant Residential,Florida City,3547580.95,4301200.0,42,148998400,May
1743,Vacant Residential,Homestead,2831054.71,748300.0,92,260457033,May
1745,Vacant Residential,Lake Worth,613142.47,538140.0,19,11649707,May
1747,Vacant Residential,Loxahatchee,2186575.52,2890384.0,23,50291237,May
1749,Vacant Residential,Miami,1786500.0,1775000.0,6,10719000,May
1750,Vacant Residential,Miami Beach,2572200.0,1125000.0,20,51444000,May
1753,Vacant Residential,Oakland Park,736800.0,828750.0,6,4420800,May
1755,Vacant Residential,Palm Beach Gardens,1488397.12,1323834.5,34,50605502,May
1756,Vacant Residential,Pembroke Pines,680833.33,678000.0,6,4085000,May
1757,Vacant Residential,Pompano Beach,472414.29,467000.0,7,3306900,May
1762,Vacant Residential,Unincorporated County,1878454.1,829000.0,61,114585700,May
1765,Vacant Residential,Westlake,590733.77,607778.5,48,28355221,May
1767,Vacant Residential,,1916300.0,1079000.0,5,9581500,May
