SALE TYPE,SOLD DATE,PROPERTY TYPE,ADDRESS,CITY,STATE OR PROVINCE,ZIP OR POSTAL CODE,PRICE,BEDS,BATHS,LOCATION,SQUARE FEET,LOT SIZE,YEAR BUILT,DAYS ON MARKET,$/SQUARE FEET,HOA/MONTH,STATUS,NEXT OPEN HOUSE START TIME,NEXT OPEN HOUSE END TIME,URL (SEE https://www.redfin.com/buy-a-home/comparative-market-analysis FOR INFO ON PRICING),SOURCE,MLS#,FAVORITE,INTERESTED,LATITUDE,LONGITUDE
PAST SALE,November-4-2022,Condo/Co-op,1834 W Armitage Ave #1,Chicago,IL,60622,790000,3,2.5,CHI - Logan Square,2400,,2015,,329,198,Sold,,,https://www.redfin.com/IL/Chicago/1834-W-Armitage-Ave-60622/unit-1/home/167583887,MRED,11620195,N,Y,41.9180527,-87.6741277
PAST SALE,,Condo/Co-op,807 Davis St #1712,Evanston,IL,60201,875000,,,,,,,,,,,,,https://www.redfin.com/IL/Evanston/807-Davis-St-60201/unit-1712/home/26802457,,,N,Y,42.0471435,-87.6825271
PAST SALE,November-10-2022,Condo/Co-op,4872 N Paulina St #1,Chicago,IL,60640,840000,3,3.5,Ravenswood,2785,,1891,,302,351,Sold,,,https://www.redfin.com/IL/Chicago/4872-N-Paulina-St-60640/unit-1/home/13402625,MRED,11609621,N,Y,41.971044,-87.671525
PAST SALE,October-17-2022,Condo/Co-op,723 W Diversey Pkwy Unit 1E,Chicago,IL,60614,510000,2,2.0,CHI - Lincoln Park,1700,,2008,,300,156,Sold,,,https://www.redfin.com/IL/Chicago/723-W-Diversey-Pkwy-60614/unit-1E/home/40367887,MRED,11612065,N,Y,41.9324856,-87.6476071
PAST SALE,October-19-2022,Condo/Co-op,841 W Grace St Unit 2S,Chicago,IL,60613,764900,3,2.0,CHI - Lake View,2000,,2014,,382,255,Sold,,,https://www.redfin.com/IL/Chicago/841-W-Grace-St-60613/unit-2S/home/113097425,MRED,11609932,N,Y,41.9508331,-87.651215
PAST SALE,October-24-2022,Condo/Co-op,844 W Waveland Ave #2,Chicago,IL,60613,690000,3,2.0,CHI - Lake View,1500,,2016,,460,140,Sold,,,https://www.redfin.com/IL/Chicago/844-W-Waveland-Ave-60613/unit-2/home/77443112,MRED,11616173,N,Y,41.9493332,-87.6513587
PAST SALE,November-10-2022,Condo/Co-op,3910 N Fremont St Unit G,Chicago,IL,60613,519000,3,2.0,CHI - Lake View,1623,,1993,,320,150,Sold,,,https://www.redfin.com/IL/Chicago/3910-N-Fremont-St-60613/unit-G/home/13383828,MRED,11624151,N,Y,41.953016,-87.6526835
PAST SALE,,Condo/Co-op,2912 W Lyndale St Unit 1W,Chicago,IL,60647,655000,,,,,,,,,,,,,https://www.redfin.com/IL/Chicago/2912-W-Lyndale-St-60647/unit-1W/home/175636148,,,N,Y,41.9225531,-87.7005158
PAST SALE,,Condo/Co-op,1621 N Humboldt Blvd Unit 1E,Chicago,IL,60647,541000,,,,,,,,,,,,,https://www.redfin.com/IL/Chicago/1621-N-Humboldt-Blvd-60647/unit-1E/home/175636551,,,N,Y,41.9110194,-87.7011963
PAST SALE,,Condo/Co-op,1920 N Maud Ave Unit 1920-A,Chicago,IL,60614,655000,,,,2000,,,,328,,,,,https://www.redfin.com/IL/Chicago/1920-N-Maud-Ave-60614/unit-1920-A/home/13352711,,,N,Y,41.9164051,-87.656013
PAST SALE,,Condo/Co-op,3053 W Armitage Ave Unit 2F,Chicago,IL,60647,582500,,,,,,,,,,,,,https://www.redfin.com/IL/Chicago/3053-W-Armitage-Ave-60647/unit-2F/home/175636500,,,N,Y,41.9172662,-87.7045322
PAST SALE,,Condo/Co-op,1540 N North Park Ave Unit P,Chicago,IL,60610,1925000,,,,,,,,,,,,,https://www.redfin.com/IL/Chicago/1540-N-North-Park-Ave-60610/unit-P/home/178522518,,,N,Y,41.9105694,-87.6369534
PAST SALE,October-17-2022,Condo/Co-op,657 W Melrose St #1,Chicago,IL,60657,1260000,4,3.5,CHI - Lake View,3450,,2015,,365,257,Sold,,,https://www.redfin.com/IL/Chicago/657-W-Melrose-St-60657/unit-1/home/101782963,MRED,11488482,N,Y,41.9408358,-87.6465998
PAST SALE,October-19-2022,Condo/Co-op,4100 N Wolcott Ave #1,Chicago,IL,60613,570000,3,3.0,CHI - North Center,,,1920,,,447,Sold,,,https://www.redfin.com/IL/Chicago/4100-N-Wolcott-Ave-60613/unit-1/home/22995495,MRED,11488955,N,Y,41.9562798,-87.6766199
PAST SALE,October-20-2022,Condo/Co-op,1500 Sheridan Rd Unit 1A,Wilmette,IL,60091,829000,4,3.5,Wilmette,2412,,1969,,344,1982,Sold,,,https://www.redfin.com/IL/Wilmette/1500-Sheridan-Rd-60091/unit-1A/home/13785703,MRED,11453159,N,Y,42.0874808,-87.699648
PAST SALE,October-27-2022,Condo/Co-op,2257 W Irving Park Rd #302,Chicago,IL,60618,665000,3,2.0,CHI - North Center,1970,,2018,,338,429,Sold,,,https://www.redfin.com/IL/Chicago/2257-W-Irving-Park-Rd-60618/unit-302/home/176988359,MRED,11444379,N,Y,41.9538356,-87.6858101
PAST SALE,,Other,2255 W Irving Park Rd,Chicago,IL,60618,665000,,3.0,,7353,14280,1908,,90,,,,,https://www.redfin.com/IL/Chicago/2255-W-Irving-Park-Rd-60618/home/13389238,,,N,Y,41.95375,-87.685798
PAST SALE,October-26-2022,Condo/Co-op,323 S Racine Ave Unit 6A,Chicago,IL,60607,974339,3,3.0,CHI - Near West Side,2160,,2021,,451,330,Sold,,,https://www.redfin.com/IL/Chicago/323-S-Racine-Ave-60607/unit-6A/home/172526024,MRED,10788389,N,Y,41.8774321,-87.6568362
PAST SALE,October-20-2022,Condo/Co-op,323 S Racine Ave Unit 5A,Chicago,IL,60607,993501,3,3.0,CHI - Near West Side,2160,,2021,,460,330,Sold,,,https://www.redfin.com/IL/Chicago/323-S-Racine-Ave-60607/unit-5A/home/174111088,MRED,10962845,N,Y,41.8774321,-87.6568362
PAST SALE,October-19-2022,Condo/Co-op,323 S Racine Ave Unit PHD,Chicago,IL,60607,1864988,4,3.5,CHI - Near West Side,3103,,2021,,601,603,Sold,,,https://www.redfin.com/IL/Chicago/323-S-Racine-Ave-60607/unit-PHD/home/174477313,MRED,11001284,N,Y,41.8774321,-87.6568362
PAST SALE,October-21-2022,Condo/Co-op,323 S Racine Ave Unit 2B,Chicago,IL,60607,983755,3,3.0,CHI - Near West Side,2160,,2021,,455,337,Sold,,,https://www.redfin.com/IL/Chicago/323-S-Racine-Ave-60607/unit-2B/home/174920513,MRED,11050752,N,Y,41.8774321,-87.6568362
PAST SALE,October-26-2022,Condo/Co-op,323 S Racine Ave Unit 6B,Chicago,IL,60607,969499,3,3.0,CHI - Near West Side,2160,,2021,,449,328,Sold,,,https://www.redfin.com/IL/Chicago/323-S-Racine-Ave-60607/unit-6B/home/172526132,MRED,10788395,N,Y,41.8774321,-87.6568362
PAST SALE,October-27-2022,Condo/Co-op,1501 N State Pkwy Unit 6C,Chicago,IL,60610,720000,2,2.0,CHI - Near North Side,1850,,1975,,389,1525,Sold,,,https://www.redfin.com/IL/Chicago/1501-N-State-Pkwy-60610/unit-6C/home/14126946,MRED,11460481,N,Y,41.9097697,-87.6283917
PAST SALE,October-27-2022,Condo/Co-op,73 E Elm St Unit 2A,Chicago,IL,60611,750000,3,3.0,CHI - Near North Side,2105,,1928,,356,2581,Sold,,,https://www.redfin.com/IL/Chicago/73-E-Elm-St-60611/unit-2A/home/14124327,MRED,11449821,N,Y,41.9029066,-87.626004
PAST SALE,October-31-2022,Condo/Co-op,1110 N Lake Shore Dr Unit 6S,Chicago,IL,60611,667500,3,2.5,CHI - Near North Side,2200,,1970,,303,2580,Sold,,,https://www.redfin.com/IL/Chicago/1110-N-Lake-Shore-Dr-60611/unit-6S/home/14123795,MRED,11491915,N,Y,41.902836,-87.625043
PAST SALE,November-4-2022,Condo/Co-op,367 W Locust St #307,Chicago,IL,60610,757000,3,3.0,CHI - Near North Side,2060,,2016,,367,542,Sold,,,https://www.redfin.com/IL/Chicago/367-W-Locust-St-60610/unit-307/home/167647728,MRED,11480848,N,Y,41.8987158,-87.638316
PAST SALE,November-9-2022,Condo/Co-op,1834 N Rockwell St Ph -R,Chicago,IL,60647,860000,4,2.5,CHI - Logan Square,2000,,2018,,430,283,Sold,,,https://www.redfin.com/IL/Chicago/1834-N-Rockwell-St-60647/unit-R/home/181472764,MRED,11617813,N,Y,41.9149429,-87.6926057
PAST SALE,November-1-2022,Condo/Co-op,233 E 13th St #1106,Chicago,IL,60605,615000,2,2.0,CHI - Near South Side,1615,,2005,,381,1079,Sold,,,https://www.redfin.com/IL/Chicago/233-E-13th-St-60605/unit-1106/home/12658388,MRED,11368024,N,Y,41.8654277,-87.6208362
PAST SALE,October-28-2022,Condo/Co-op,211 N Harbor Dr #3807,Chicago,IL,60601,537040,1,1.0,CHI - Loop,664,,2021,,809,446,Sold,,,https://www.redfin.com/IL/Chicago/211-N-Harbor-Dr-60601/unit-3807/home/182491630,MRED,11660841,N,Y,41.8864877,-87.6146074
PAST SALE,October-31-2022,Condo/Co-op,211 N Harbor Dr #303,Chicago,IL,60601,845125,2,2.0,CHI - Loop,1400,,2021,,604,872,Sold,,,https://www.redfin.com/IL/Chicago/211-N-Harbor-Dr-60601/unit-303/home/182249429,MRED,11649570,N,Y,41.8864877,-87.6146074
PAST SALE,October-18-2022,Condo/Co-op,363 E Wacker Dr #4002,Chicago,IL,60601,1885000,3,2.0,CHI - Loop,2210,,,,853,1227,Sold,,,https://www.redfin.com/IL/Chicago/363-E-Wacker-Dr-60601/unit-4002/home/105727149,MRED,09240006,N,Y,41.8874575,-87.6183727
PAST SALE,November-8-2022,Condo/Co-op,211 N Harbor Dr #4501,Chicago,IL,60601,3442850,4,3.5,CHI - Loop,3002,,2021,,1147,2516,Sold,,,https://www.redfin.com/IL/Chicago/211-N-Harbor-Dr-60601/unit-4501/home/176797249,MRED,11250927,N,Y,41.8856379,-87.6154707
PAST SALE,October-21-2022,Condo/Co-op,195 N Harbor Dr #5505,Chicago,IL,60601,619999,2,2.0,CHI - Loop,1575,,1991,,394,1299,Sold,,,https://www.redfin.com/IL/Chicago/195-N-Harbor-Dr-60601/unit-5505/home/14093386,MRED,11474383,N,Y,41.8856057,-87.6155531
PAST SALE,October-21-2022,Condo/Co-op,225 N Columbus Dr #7602,Chicago,IL,60601,960000,2,2.5,CHI - Loop,1581,,2009,,607,1517,Sold,,,https://www.redfin.com/IL/Chicago/225-N-Columbus-Dr-60601/unit-7602/home/52638106,MRED,11480707,N,Y,41.8864623,-87.6201026
PAST SALE,November-7-2022,Condo/Co-op,225 N Columbus Dr #6304,Chicago,IL,60601,585000,2,1.5,CHI - Loop,1222,,2009,,479,1050,Sold,,,https://www.redfin.com/IL/Chicago/225-N-Columbus-Dr-60601/unit-6304/home/52638148,MRED,11461673,N,Y,41.8864623,-87.6201026
PAST SALE,November-1-2022,Condo/Co-op,340 E Randolph St #3401,Chicago,IL,60601,1750000,3,3.5,CHI - Loop,2371,,2007,,738,1632,Sold,,,https://www.redfin.com/IL/Chicago/340-E-Randolph-St-60601/unit-3401/home/28433766,MRED,11421920,N,Y,41.8847771,-87.6190621
PAST SALE,October-28-2022,Condo/Co-op,1711 N Crilly Ct #4,Chicago,IL,60614,620000,3,2.0,CHI - Lincoln Park,1515,,1886,,409,562,Sold,,,https://www.redfin.com/IL/Chicago/1711-N-Crilly-Ct-60614/unit-4/home/26792350,MRED,11635739,N,Y,41.9133468,-87.635552
PAST SALE,,Condo/Co-op,1950 N Mohawk St #2,Chicago,IL,60614,645000,,2.0,,1600,,,,403,,,,,https://www.redfin.com/IL/Chicago/1950-N-Mohawk-St-60614/unit-2/home/13346020,,,N,Y,41.9179338,-87.642745
PAST SALE,,Condo/Co-op,1938 N Cleveland Ave #2,Chicago,IL,60614,650000,3,2.0,,1500,,1997,,433,,,,,https://www.redfin.com/IL/Chicago/1938-N-Cleveland-Ave-60614/unit-2/home/12805699,,,N,Y,41.917609,-87.6415696
PAST SALE,November-1-2022,Condo/Co-op,1600 S Prairie Ave #1801,Chicago,IL,60616,885000,3,3.0,CHI - Near South Side,2494,,2006,,355,1299,Sold,,,https://www.redfin.com/IL/Chicago/1600-S-Prairie-Ave-60616/unit-1801/home/45514404,MRED,11402653,N,Y,41.8598149,-87.6210422
PAST SALE,October-29-2022,Condo/Co-op,444 W Roslyn Pl Unit 4A,Chicago,IL,60614,999000,3,2.5,CHI - Lincoln Park,2275,,1930,,439,814,Sold,,,https://www.redfin.com/IL/Chicago/444-W-Roslyn-Pl-60614/unit-4A/home/12651737,MRED,11608275,N,Y,41.9277744,-87.6409616
PAST SALE,October-19-2022,Condo/Co-op,2671 N Orchard St #201,Chicago,IL,60614,625000,2,2.0,CHI - Lincoln Park,,,2008,,,220,Sold,,,https://www.redfin.com/IL/Chicago/2671-N-Orchard-St-60614/unit-201/home/39548390,MRED,11591236,N,Y,41.931164,-87.6462775
PAST SALE,,Condo/Co-op,2671 N Orchard St #102,Chicago,IL,60614,625000,,,,,,,,,,,,,https://www.redfin.com/IL/Chicago/2671-N-Orchard-St-60614/unit-102/home/39562742,,,N,Y,41.9311632,-87.6462235
PAST SALE,October-31-2022,Condo/Co-op,2753 N Hampden Ct Unit 4B,Chicago,IL,60614,1770000,4,4.5,CHI - Lincoln Park,2982,,2019,,594,562,Sold,,,https://www.redfin.com/IL/Chicago/2753-N-Hampden-Ct-60614/unit-4B/home/144461123,MRED,11476574,N,Y,41.9322901,-87.6420418
PAST SALE,November-4-2022,Condo/Co-op,200 E Delaware Pl Unit 10D,Chicago,IL,60611,990000,3,3.0,CHI - Near North Side,2400,,1974,,413,2197,Sold,,,https://www.redfin.com/IL/Chicago/200-E-Delaware-Pl-60611/unit-10D/home/45518104,MRED,11480728,N,Y,41.8995075,-87.6211813
PAST SALE,,Condo/Co-op,680 N Lake Shore Dr #916,Chicago,IL,60611,528000,,1.5,,1548,,,,341,,,,,https://www.redfin.com/IL/Chicago/680-N-Lake-Shore-Dr-60611/unit-916/home/14097883,,,N,Y,41.894531,-87.6166312
PAST SALE,October-26-2022,Condo/Co-op,600 N Lake Shore Dr #3012,Chicago,IL,60611,1660000,3,3.5,CHI - Near North Side,2547,,2008,,652,1489,Sold,,,https://www.redfin.com/IL/Chicago/600-N-Lake-Shore-Dr-60611/unit-3012/home/39549252,MRED,11643921,N,Y,41.892964,-87.6157068
PAST SALE,October-18-2022,Condo/Co-op,600 N Lake Shore Dr #1005,Chicago,IL,60611,1450000,3,3.5,CHI - Near North Side,2540,,2008,,571,1490,Sold,,,https://www.redfin.com/IL/Chicago/600-N-Lake-Shore-Dr-60611/unit-1005/home/39548979,MRED,11469000,N,Y,41.892964,-87.6157068
PAST SALE,October-28-2022,Condo/Co-op,680 N Lake Shore Dr #1306,Chicago,IL,60611,1440000,3,2.5,CHI - Near North Side,2900,,1982,,497,1869,Sold,,,https://www.redfin.com/IL/Chicago/680-N-Lake-Shore-Dr-60611/unit-1306/home/14097370,MRED,11297686,N,Y,41.894531,-87.6166312
PAST SALE,October-26-2022,Condo/Co-op,530 N Lake Shore Dr #1203,Chicago,IL,60611,572000,2,2.0,CHI - Near North Side,1324,,2003,,432,898,Sold,,,https://www.redfin.com/IL/Chicago/530-N-Lake-Shore-Dr-60611/unit-1203/home/12680651,MRED,11382396,N,Y,41.8921349,-87.6149739
PAST SALE,October-18-2022,Condo/Co-op,1513 W Thomas St #1,Chicago,IL,60642,900000,4,3.5,CHI - West Town,,,2020,,,149,Sold,,,https://www.redfin.com/IL/Chicago/1513-W-Thomas-St-60642/unit-1/home/181487104,MRED,11622865,N,Y,41.9013728,-87.6654968
PAST SALE,October-27-2022,Condo/Co-op,1018 N Paulina St #1,Chicago,IL,60622,600000,3,2.5,CHI - West Town,2400,,2005,,250,145,Sold,,,https://www.redfin.com/IL/Chicago/1018-N-Paulina-St-60622/unit-1/home/12589525,MRED,11625414,N,Y,41.9003365,-87.6701145
PAST SALE,October-20-2022,Condo/Co-op,1634 W Beach Ave #1,Chicago,IL,60622,639000,3,2.5,CHI - West Town,2000,,2009,,320,150,Sold,,,https://www.redfin.com/IL/Chicago/1634-W-Beach-Ave-60622/unit-1/home/39564027,MRED,11636345,N,Y,41.9077151,-87.6690681
PAST SALE,October-17-2022,Condo/Co-op,1600 N Bell Ave Unit 2C,Chicago,IL,60647,662500,3,2.0,CHI - West Town,1600,,2007,,414,339,Sold,,,https://www.redfin.com/IL/Chicago/1600-N-Bell-Ave-60647/unit-2C/home/26809706,MRED,11483709,N,Y,41.9105823,-87.6838258
PAST SALE,October-20-2022,Condo/Co-op,1300 N Lake Shore Dr Unit 6C,Chicago,IL,60610,625000,2,2.0,CHI - Near North Side,1500,,1963,,417,1886,Sold,,,https://www.redfin.com/IL/Chicago/1300-N-Lake-Shore-Dr-60610/unit-6C/home/14124618,MRED,11436879,N,Y,41.9062326,-87.625621
PAST SALE,October-24-2022,Condo/Co-op,1500 N Astor St #1,Chicago,IL,60610,1100000,2,3.0,CHI - Near North Side,3194,,1927,,344,2765,Sold,,,https://www.redfin.com/IL/Chicago/1500-N-State-Pkwy-60610/unit-1/home/14126679,MRED,11475863,N,Y,41.9097777,-87.6280686
PAST SALE,October-25-2022,Condo/Co-op,612 N Oakley Blvd #212,Chicago,IL,60612,565000,2,3.0,Village Lofts,2147,,1998,,263,401,Sold,,,https://www.redfin.com/IL/Chicago/612-N-Oakley-Blvd-60612/unit-212/home/12788970,MRED,11481347,N,Y,41.8927415,-87.6846886
PAST SALE,October-27-2022,Condo/Co-op,831 N Hermitage Ave #3,Chicago,IL,60622,607000,3,2.0,East Village,1635,,2001,,371,175,Sold,,,https://www.redfin.com/IL/Chicago/831-N-Hermitage-Ave-60622/unit-3/home/12715211,MRED,11629984,N,Y,41.8969321,-87.6706521
PAST SALE,October-18-2022,Condo/Co-op,9655 Woods Dr #1801,Skokie,IL,60077,515000,3,2.5,Skokie,,,2006,,,960,Sold,,,https://www.redfin.com/IL/Skokie/9655-Woods-Dr-60077/unit-1801/home/26800673,MRED,11622897,N,Y,42.0573733,-87.7606114
PAST SALE,November-1-2022,Condo/Co-op,3253 N Racine Ave #3,Chicago,IL,60657,610417,3,3.0,CHI - Lake View,2293,,1995,,266,258,Sold,,,https://www.redfin.com/IL/Chicago/3253-N-Racine-Ave-60657/unit-3/home/13381103,MRED,11483238,N,Y,41.9414065,-87.6587092
PAST SALE,October-26-2022,Condo/Co-op,1701 W Webster Ave #508,Chicago,IL,60614,742000,3,2.0,Triangle Square,1660,,2021,,447,350,Sold,,,https://www.redfin.com/IL/Chicago/1701-W-Webster-Ave-60614/unit-508/home/171258954,MRED,11618418,N,Y,41.92134,-87.6711295
PAST SALE,October-24-2022,Condo/Co-op,3120 N Sheffield Ave Unit 3N,Chicago,IL,60657,665000,3,2.0,CHI - Lake View,1600,,2007,,416,287,Sold,,,https://www.redfin.com/IL/Chicago/3120-N-Sheffield-Ave-60657/unit-3N/home/26809027,MRED,11622007,N,Y,41.9387967,-87.6543934
PAST SALE,November-7-2022,Condo/Co-op,2350 N Orchard St Unit MZ102,Chicago,IL,60614,1500000,2,2.5,CHI - Lincoln Park,2017,,2020,,744,1343,Sold,,,https://www.redfin.com/IL/Chicago/2350-N-Orchard-St-60614/unit-MZ102/home/180784094,MRED,11481091,N,Y,41.9251023,-87.6464993
PAST SALE,November-7-2022,Condo/Co-op,3232 N Halsted St Unit D701,Chicago,IL,60657,535000,2,2.0,Plaza 32,,,2001,,,836,Sold,,,https://www.redfin.com/IL/Chicago/3232-N-Halsted-St-60657/unit-D701/home/12726811,MRED,11636684,N,Y,41.9409937,-87.6497855
PAST SALE,November-7-2022,Condo/Co-op,2835 N Wolcott Ave Unit G,Chicago,IL,60657,525000,3,2.0,Landmark Village,,,1996,,,514,Sold,,,https://www.redfin.com/IL/Chicago/2835-N-Wolcott-Ave-60657/unit-G/home/13359189,MRED,11626067,N,Y,41.9333686,-87.6755221
PAST SALE,November-10-2022,Condo/Co-op,1453 W Irving Park Rd #202,Chicago,IL,60613,549000,2,2.0,CHI - Lake View,1825,,2007,,301,357,Sold,,,https://www.redfin.com/IL/Chicago/1453-Irving-Park-Rd-60613/unit-202/home/21819568,MRED,11630178,N,Y,41.9540499,-87.6662706
PAST SALE,November-14-2022,Condo/Co-op,3140 N Sheffield Ave #507,Chicago,IL,60657,560000,3,3.0,CHI - Lake View,1750,,2006,,320,504,Sold,,,https://www.redfin.com/IL/Chicago/3140-N-Sheffield-Ave-60657/unit-507/home/39517717,MRED,11650551,N,Y,41.9393471,-87.654248
PAST SALE,November-14-2022,Condo/Co-op,1024 Washington Blvd Unit 2N,Oak Park,IL,60302,645000,3,2.5,Oak Park,2100,,2021,,307,211,Sold,,,https://www.redfin.com/IL/Oak-Park/1024-Washington-Blvd-60302/unit-2N/home/178733032,MRED,11468450,N,Y,41.881797,-87.801075
PAST SALE,October-19-2022,Condo/Co-op,360 E Randolph St #3407,Chicago,IL,60601,605000,2,2.0,CHI - Loop,1580,,1982,,383,1597,Sold,,,https://www.redfin.com/IL/Chicago/360-E-Randolph-St-60601/unit-3407/home/14095377,MRED,11492766,N,Y,41.8849092,-87.6179803
PAST SALE,November-4-2022,Condo/Co-op,21 E Huron St #1504,Chicago,IL,60611,1005000,2,2.5,The Pinnacle,1900,,2005,,529,1494,Sold,,,https://www.redfin.com/IL/Chicago/21-E-Huron-St-60611/unit-1504/home/12648163,MRED,11624418,N,Y,41.8948615,-87.6262407
PAST SALE,November-8-2022,Condo/Co-op,363 E Wacker Dr #3509,Chicago,IL,60601,2300000,3,3.5,CHI - Loop,2846,,2021,,808,1150,Sold,,,https://www.redfin.com/IL/Chicago/363-E-Wacker-Dr-60601/unit-3509/home/104321911,MRED,11450286,N,Y,41.8874575,-87.6183727
PAST SALE,November-7-2022,Condo/Co-op,159 E Walton Pl Unit 6D,Chicago,IL,60611,1200000,3,3.5,CHI - Near North Side,3157,,1929,,380,3135,Sold,,,https://www.redfin.com/IL/Chicago/159-E-Walton-Pl-60611/unit-6D/home/12604633,MRED,11440820,N,Y,41.8997872,-87.6234987
PAST SALE,November-7-2022,Condo/Co-op,680 N Lake Shore Dr #1504,Chicago,IL,60611,795000,2,2.5,CHI - Near North Side,2800,,1924,,284,2056,Sold,,,https://www.redfin.com/IL/Chicago/680-N-Lake-Shore-Dr-60611/unit-1504/home/14096994,MRED,11461493,N,Y,41.894531,-87.6166312
PAST SALE,October-31-2022,Condo/Co-op,195 N Harbor Dr #5202,Chicago,IL,60601,645000,3,2.0,CHI - Loop,1600,,1991,,403,1567,Sold,,,https://www.redfin.com/IL/Chicago/195-N-Harbor-Dr-60601/unit-5202/home/14092877,MRED,11346490,N,Y,41.8856057,-87.6155531
PAST SALE,November-1-2022,Condo/Co-op,60 E Monroe St #3408,Chicago,IL,60603,642500,2,2.0,CHI - Loop,1342,,2009,,479,863,Sold,,,https://www.redfin.com/IL/Chicago/60-E-Monroe-St-60603/unit-3408/home/45512029,MRED,11483515,N,Y,41.8809978,-87.6256565
PAST SALE,November-11-2022,Condo/Co-op,180 E Pearson St #3601,Chicago,IL,60611,950000,3,4.0,Water Tower Residences,2754,,1975,,345,1893,Sold,,,https://www.redfin.com/IL/Chicago/180-E-Pearson-St-60611/unit-3601/home/14117899,MRED,11649007,N,Y,41.8976934,-87.6223109
PAST SALE,November-11-2022,Condo/Co-op,363 E Wacker Dr #1502,Chicago,IL,60601,1575000,3,2.0,CHI - Loop,2292,,2021,,687,970,Sold,,,https://www.redfin.com/IL/Chicago/363-E-Wacker-Dr-60601/unit-1502/home/178672331,MRED,11432192,N,Y,41.8875829,-87.6173096
PAST SALE,October-21-2022,Condo/Co-op,2343 N Elston Ave Unit 3E,Chicago,IL,60614,1049000,3,2.5,CHI - Logan Square,,,2022,,,245,Sold,,,https://www.redfin.com/IL/Chicago/2343-N-Elston-Ct-60614/unit-3E/home/179237753,MRED,11615979,N,Y,41.9242088,-87.6762539
PAST SALE,November-4-2022,Condo/Co-op,1661 N Bell Ave #1,Chicago,IL,60647,735000,3,3.0,CHI - West Town,2400,,1997,,306,302,Sold,,,https://www.redfin.com/IL/Chicago/1661-N-Bell-Ave-60647/unit-1/home/13354591,MRED,11629140,N,Y,41.912154,-87.6832917
PAST SALE,November-14-2022,Condo/Co-op,2342 N Leavitt St #1,Chicago,IL,60647,725000,3,2.5,CHI - Logan Square,2300,,2020,,315,234,Sold,,,https://www.redfin.com/IL/Chicago/2342-N-Leavitt-St-60647/unit-1/home/181270027,MRED,11613899,N,Y,41.9239417,-87.6830362
PAST SALE,November-1-2022,Condo/Co-op,935 N Wolcott Ave #301,Chicago,IL,60622,806000,3,2.0,CHI - West Town,,,2002,,,280,Sold,,,https://www.redfin.com/IL/Chicago/935-N-Wolcott-Ave-60622/unit-301/home/12697007,MRED,11641597,N,Y,41.8988372,-87.6743597
PAST SALE,October-28-2022,Condo/Co-op,2040 W Belle Plaine Ave #208,Chicago,IL,60618,565000,3,2.0,CHI - North Center,,,2002,,,627,Sold,,,https://www.redfin.com/IL/Chicago/2040-W-Belle-Plaine-Ave-60618/unit-208/home/181481010,MRED,11622507,N,Y,41.9560539,-87.6805064
PAST SALE,November-1-2022,Condo/Co-op,1211 S Prairie Ave #4203,Chicago,IL,60605,875000,2,2.0,Museum Park,1722,,2008,,508,1010,Sold,,,https://www.redfin.com/IL/Chicago/1211-S-Prairie-Ave-60605/unit-4203/home/39571303,MRED,10876541,N,Y,41.866921,-87.621571
PAST SALE,November-14-2022,Condo/Co-op,1211 S Prairie Ave #3006,Chicago,IL,60605,965000,3,3.0,CHI - Near South Side,2105,,2008,,458,1279,Sold,,,https://www.redfin.com/IL/Chicago/1211-S-Prairie-Ave-60605/unit-3006/home/39571385,MRED,11470432,N,Y,41.866921,-87.621571
PAST SALE,October-17-2022,Condo/Co-op,1370 W Walton St Unit 3W,Chicago,IL,60642,835000,3,2.0,CHI - West Town,1875,,2019,,445,224,Sold,,,https://www.redfin.com/IL/Chicago/1370-W-Walton-St-60642/unit-3W/home/181242230,MRED,11481850,N,Y,41.899059,-87.6622584
PAST SALE,October-20-2022,Condo/Co-op,513 N May St #1,Chicago,IL,60642,1085000,3,2.5,CHI - West Town,,,2019,,,392,Sold,,,https://www.redfin.com/IL/Chicago/513-N-May-St-60642/unit-1/home/145472321,MRED,11610959,N,Y,41.891563,-87.655463
PAST SALE,October-27-2022,Condo/Co-op,950 N Michigan Ave #3704,Chicago,IL,60611,530000,3,2.5,CHI - Near North Side,,,1984,,,1461,Sold,,,https://www.redfin.com/IL/Chicago/950-N-Michigan-Ave-60611/unit-3704/home/177290219,MRED,11491817,N,Y,41.9003388,-87.6243854
PAST SALE,November-4-2022,Condo/Co-op,935 N Wolcott Ave #102,Chicago,IL,60622,785000,3,2.0,CHI - West Town,,,2002,,,349,Sold,,,https://www.redfin.com/IL/Chicago/935-N-Wolcott-Ave-60622/unit-102/home/12707115,MRED,11630687,N,Y,41.8988372,-87.6743597
PAST SALE,November-4-2022,Condo/Co-op,1301 N Dearborn St Unit 805-806,Chicago,IL,60610,1550000,3,2.5,The Whitney,3255,,1994,,476,2671,Sold,,,https://www.redfin.com/IL/Chicago/1301-N-Dearborn-St-60610/unit-805-806/home/180442737,MRED,11458580,N,Y,41.9061574,-87.6297015
PAST SALE,November-7-2022,Condo/Co-op,118 E Erie St Unit 20C,Chicago,IL,60611,905000,2,2.5,CHI - Near North Side,1912,,2012,,473,2554,Sold,,,https://www.redfin.com/IL/Chicago/118-E-Erie-St-60611/unit-20C/home/113099603,MRED,11637329,N,Y,41.8942887,-87.6246388
PAST SALE,November-7-2022,Condo/Co-op,1759 N Sedgwick St Unit 3W,Chicago,IL,60614,995000,3,2.5,CHI - Lincoln Park,2450,,1881,,406,308,Sold,,,https://www.redfin.com/IL/Chicago/1759-N-Sedgwick-St-60614/unit-3W/home/181489967,MRED,11640983,N,Y,41.9144908,-87.6384347
PAST SALE,November-14-2022,Condo/Co-op,1629 N Winchester Ave #2,Chicago,IL,60622,690000,4,2.5,CHI - West Town,2800,,2003,,246,300,Sold,,,https://www.redfin.com/IL/Chicago/1629-N-Winchester-Ave-60622/unit-2/home/12707448,MRED,11647801,N,Y,41.9114253,-87.6759318
PAST SALE,October-19-2022,Condo/Co-op,323 S Racine Ave Unit 5B,Chicago,IL,60607,1001139,3,3.0,CHI - Near West Side,2160,,2021,,463,328,Sold,,,https://www.redfin.com/IL/Chicago/323-S-Racine-Ave-60607/unit-5B/home/173488046,MRED,10913184,N,Y,41.8774321,-87.6568362
PAST SALE,November-4-2022,Condo/Co-op,323 S Racine Ave Unit PHB,Chicago,IL,60607,1784851,4,3.5,CHI - Near West Side,3157,,2021,,565,608,Sold,,,https://www.redfin.com/IL/Chicago/323-S-Racine-Ave-60607/unit-PHB/home/172526124,MRED,10788412,N,Y,41.8774321,-87.6568362
PAST SALE,November-1-2022,Condo/Co-op,549 W Roscoe St Unit 3S,Chicago,IL,60657,1240000,3,2.5,CHI - Lake View,3078,,2018,,403,272,Sold,,,https://www.redfin.com/IL/Chicago/549-W-Roscoe-St-60657/unit-3S/home/13374281,MRED,11471293,N,Y,41.943016,-87.643808
PAST SALE,October-24-2022,Condo/Co-op,2724 N Wayne Ave #3,Chicago,IL,60614,889000,2,2.0,CHI - Lincoln Park,,,2022,,,200,Sold,,,https://www.redfin.com/IL/Chicago/2724-N-Wayne-Ave-60614/unit-3/home/179796996,MRED,11426708,N,Y,41.9314884,-87.6625634
PAST SALE,November-7-2022,Condo/Co-op,626 W Buckingham Pl Unit 1W,Chicago,IL,60657,575000,3,2.5,Buckingham Palace,2606,,1903,,221,535,Sold,,,https://www.redfin.com/IL/Chicago/626-W-Buckingham-Pl-60657/unit-1W/home/13375561,MRED,11629985,N,Y,41.9429808,-87.6456767
PAST SALE,November-10-2022,Condo/Co-op,676 N Kingsbury St #204,Chicago,IL,60654,1610000,4,4.5,CHI - Near North Side,3081,,2016,,523,1859,Sold,,,https://www.redfin.com/IL/Chicago/676-N-Kingsbury-St-60654/unit-204/home/171319841,MRED,11296816,N,Y,41.89449,-87.6415997
PAST SALE,November-1-2022,Condo/Co-op,1250 W Fullerton Ave Unit 3C,Chicago,IL,60614,500000,2,1.0,CHI - Lincoln Park,1450,,,,345,341,Sold,,,https://www.redfin.com/IL/Chicago/1250-W-Fullerton-Ave-60614/unit-3C/home/13361335,MRED,11647173,N,Y,41.9255481,-87.6603194
PAST SALE,November-3-2022,Condo/Co-op,1068 W Chestnut St,Chicago,IL,60642,630000,3,3.5,St Johns Park,2200,,,,286,325,Sold,,,https://www.redfin.com/IL/Chicago/1068-W-Chestnut-St-60642/home/12715427,MRED,11621997,N,Y,41.8984213,-87.6548738
PAST SALE,November-15-2022,Condo/Co-op,717 W Briar Pl Unit 2W,Chicago,IL,60657,594900,2,2.0,CHI - Lake View,,,1894,,,305,Sold,,,https://www.redfin.com/IL/Chicago/717-W-Briar-Pl-60657/unit-2W/home/12699831,MRED,11639224,N,Y,41.9389253,-87.647533
PAST SALE,November-7-2022,Condo/Co-op,707 N Western Ave #403,Chicago,IL,60612,590000,3,2.0,CHI - West Town,1650,,2016,,358,382,Sold,,,https://www.redfin.com/IL/Chicago/707-N-Western-Ave-60612/unit-403/home/167650011,MRED,11632319,N,Y,41.8941598,-87.6864726
PAST SALE,October-28-2022,Condo/Co-op,1824 W Foster Ave #202,Chicago,IL,60640,615000,3,2.0,CHI - Lincoln Square,1700,,2022,,362,274,Sold,,,https://www.redfin.com/IL/Chicago/1824-W-Foster-Ave-60640/unit-202/home/179833086,MRED,11616915,N,Y,41.976336,-87.675754
PAST SALE,November-8-2022,Condo/Co-op,323 S Racine Ave Unit PHC,Chicago,IL,60607,1755900,4,3.5,CHI - Near West Side,3103,,2021,,566,601,Sold,,,https://www.redfin.com/IL/Chicago/323-S-Racine-Ave-60607/unit-PHC/home/174119889,MRED,10964220,N,Y,41.8774321,-87.6568362
PAST SALE,November-8-2022,Condo/Co-op,659 W Randolph St #1804,Chicago,IL,60661,557000,2,2.0,CHI - Near West Side,1230,,2009,,453,899,Sold,,,https://www.redfin.com/IL/Chicago/659-W-Randolph-St-60661/unit-1804/home/21727263,MRED,11454206,N,Y,41.8841585,-87.6450181
PAST SALE,October-28-2022,Condo/Co-op,740 W Fulton St #714,Chicago,IL,60661,515000,2,2.0,CHI - Near West Side,1400,,2004,,368,660,Sold,,,https://www.redfin.com/IL/Chicago/740-W-Fulton-St-60661/unit-714/home/26780421,MRED,11621289,N,Y,41.8871795,-87.6472406
PAST SALE,November-15-2022,Condo/Co-op,323 S Racine Ave Unit PHA,Chicago,IL,60607,1799080,4,3.5,CHI - Near West Side,3157,,2021,,570,612,Sold,,,https://www.redfin.com/IL/Chicago/323-S-Racine-Ave-60607/unit-PHA/home/172526123,MRED,10788406,N,Y,41.8774321,-87.6568362
PAST SALE,October-31-2022,Condo/Co-op,435 N Michigan Ave #1002,Chicago,IL,60611,4714000,3,3.5,Tribune Tower Residences,,,2021,,,3774,Sold,,,https://www.redfin.com/IL/Chicago/435-N-Michigan-Ave-60611/unit-1002/home/182163059,MRED,11646601,N,Y,41.8903627,-87.6236499
PAST SALE,October-18-2022,Condo/Co-op,520 N Halsted St #300,Chicago,IL,60642,575000,3,2.0,The Montrevelle,2000,,2005,,288,672,Sold,,,https://www.redfin.com/IL/Chicago/520-N-Halsted-St-60642/unit-300/home/12649583,MRED,11422519,N,Y,41.8918815,-87.6479762
PAST SALE,October-26-2022,Condo/Co-op,817 W Washington Blvd #103,Chicago,IL,60607,630000,2,2.0,CHI - Near West Side,1450,,1897,,434,468,Sold,,,https://www.redfin.com/IL/Chicago/817-W-Washington-Blvd-60607/unit-103/home/26813005,MRED,11612610,N,Y,41.8828585,-87.6483241
PAST SALE,October-19-2022,Condo/Co-op,1000 N Lake Shore Plz Unit 39C,Chicago,IL,60611,800000,3,2.5,CHI - Near North Side,2100,,1964,,381,2308,Sold,,,https://www.redfin.com/IL/Chicago/1000-N-Lake-Shore-Dr-60611/unit-39C/home/14121051,MRED,11493245,N,Y,41.9012093,-87.624654
PAST SALE,,Condo/Co-op,950 N Michigan Ave Unit 37F,Chicago,IL,60611,530000,,2.5,,1830,,,,290,,,,,https://www.redfin.com/IL/Chicago/950-N-Michigan-Ave-60611/unit-37F/home/12568853,,,N,Y,41.9003388,-87.6243854
PAST SALE,October-19-2022,Condo/Co-op,505 N Mcclurg Ct #3203,Chicago,IL,60611,935000,3,2.5,CHI - Near North Side,1803,,2008,,519,1423,Sold,,,https://www.redfin.com/IL/Chicago/505-N-McClurg-Ct-60611/unit-3203/home/21790070,MRED,11623013,N,Y,41.8915247,-87.6173266
PAST SALE,October-27-2022,Condo/Co-op,1555 N Astor St Unit 14NE,Chicago,IL,60610,825000,2,2.0,CHI - Near North Side,1900,,1973,,434,1872,Sold,,,https://www.redfin.com/IL/Chicago/1555-N-Astor-St-60610/unit-14NE/home/14126434,MRED,11641409,N,Y,41.9110448,-87.6273343
PAST SALE,October-17-2022,Condo/Co-op,804 W Wolfram St Unit 1N,Chicago,IL,60657,830000,3,3.0,CHI - Lake View,2350,,2004,,353,303,Sold,,,https://www.redfin.com/IL/Chicago/804-W-Wolfram-St-60657/unit-1N/home/182364843,MRED,11619131,N,Y,41.9337799,-87.6493275
PAST SALE,,Condo/Co-op,802 W Wolfram St Unit 1N,Chicago,IL,60657,830000,,3.0,,2350,,,,353,,,,,https://www.redfin.com/IL/Chicago/802-W-Wolfram-St-60657/unit-1N/home/12683040,,,N,Y,41.933801,-87.6493931
PAST SALE,October-27-2022,Condo/Co-op,2621 N Wilton Ave #1,Chicago,IL,60614,820000,3,2.5,CHI - Lincoln Park,2400,,2005,,342,326,Sold,,,https://www.redfin.com/IL/Chicago/2621-N-Wilton-Ave-60614/unit-1/home/18942696,MRED,11623165,N,Y,41.9296883,-87.6522361
PAST SALE,October-21-2022,Condo/Co-op,838 W Fullerton Ave Unit 1W,Chicago,IL,60614,835000,3,3.0,CHI - Lincoln Park,2800,,2000,,298,308,Sold,,,https://www.redfin.com/IL/Chicago/838-W-Fullerton-Ave-60614/unit-1W/home/88630083,MRED,11464237,N,Y,41.9256452,-87.6503526
PAST SALE,October-31-2022,Condo/Co-op,1621 N Humboldt Blvd Unit 1E,Chicago,IL,60647,541000,4,2.5,CHI - West Town,,,2018,,,174,Sold,,,https://www.redfin.com/IL/Chicago/1621-N-Humboldt-Blvd-60647/unit-1E/home/144713329,MRED,11621856,N,Y,41.9109397,-87.7012113
PAST SALE,November-2-2022,Condo/Co-op,500 W Superior St #1101,Chicago,IL,60654,550000,2,2.5,Montgomery,1309,,2005,,420,724,Sold,,,https://www.redfin.com/IL/Chicago/500-W-Superior-St-60654/unit-1101/home/18948339,MRED,11464852,N,Y,41.895951,-87.642196
PAST SALE,October-17-2022,Condo/Co-op,1555 W Pearson St Unit F,Chicago,IL,60642,735000,3,2.5,CHI - West Town,2200,,2007,,334,403,Sold,,,https://www.redfin.com/IL/Chicago/1555-W-Pearson-St-60642/unit-F/home/26812451,MRED,11621217,N,Y,41.8974131,-87.666944
PAST SALE,October-28-2022,Condo/Co-op,1000 W Washington Blvd #244,Chicago,IL,60607,750000,2,2.0,CHI - Near West Side,2000,,1910,,375,975,Sold,,,https://www.redfin.com/IL/Chicago/1000-W-Washington-Blvd-60607/unit-244/home/12789356,MRED,11616893,N,Y,41.883627,-87.652422
PAST SALE,October-31-2022,Condo/Co-op,936 W Madison St Unit 3E,Chicago,IL,60607,635000,2,2.0,Madison Manor,1491,,1998,,426,484,Sold,,,https://www.redfin.com/IL/Chicago/936-W-Madison-St-60607/unit-3E/home/12555746,MRED,11634526,N,Y,41.8818957,-87.6512318
PAST SALE,October-26-2022,Condo/Co-op,720 W Randolph St Ph 5,Chicago,IL,60661,900000,3,3.0,CHI - Near West Side,2119,,2003,,425,866,Sold,,,https://www.redfin.com/IL/Chicago/720-W-Randolph-St-60661/unit-5/home/113098357,MRED,11625636,N,Y,41.8849545,-87.6466652
PAST SALE,October-25-2022,Condo/Co-op,422 W Deming Pl Unit 3W,Chicago,IL,60614,965000,3,2.0,CHI - Lincoln Park,1705,,2014,,566,474,Sold,,,https://www.redfin.com/IL/Chicago/422-W-Deming-Pl-60614/unit-3W/home/144506930,MRED,11618220,N,Y,41.9296185,-87.6401922
PAST SALE,October-28-2022,Condo/Co-op,1555 N Astor St Unit 7W,Chicago,IL,60610,1100000,2,2.5,CHI - Near North Side,2500,,1977,,440,2284,Sold,,,https://www.redfin.com/IL/Chicago/1555-N-Astor-St-60610/unit-7W/home/14125861,MRED,11464509,N,Y,41.9110448,-87.6273343
PAST SALE,,Multi-Family (2-4 Unit),1513 W Thomas St #3,Chicago,IL,60642,900000,4,5.0,,2478,3125,1887,,363,,,,,https://www.redfin.com/IL/Chicago/1513-W-Thomas-St-60642/unit-3/home/14109784,,,N,Y,41.9013728,-87.6654968
PAST SALE,November-2-2022,Condo/Co-op,2131 W Evergreen Ave #1,Chicago,IL,60622,595000,3,3.0,CHI - West Town,,,2000,,,271,Sold,,,https://www.redfin.com/IL/Chicago/2131-W-Evergreen-Ave-60622/unit-1/home/12768360,MRED,11638083,N,Y,41.9057106,-87.6810153
PAST SALE,October-24-2022,Condo/Co-op,2147 W Roscoe St Unit 2E,Chicago,IL,60618,550000,3,2.0,Roscoe Village,1720,,2000,,320,233,Sold,,,https://www.redfin.com/IL/Chicago/2147-W-Roscoe-St-60618/unit-2E/home/12728255,MRED,11612919,N,Y,41.9428709,-87.6826621
PAST SALE,November-9-2022,Condo/Co-op,1041 Ridge Rd #210,Wilmette,IL,60091,525000,2,2.0,Mallinckrodt in the Park,1565,,1917,,335,920,Sold,,,https://www.redfin.com/IL/Wilmette/1041-Ridge-Rd-60091/unit-210/home/40368949,MRED,11652324,N,Y,42.0811817,-87.7235763
PAST SALE,November-2-2022,Condo/Co-op,1570 Elmwood Ave #1205,Evanston,IL,60201,840000,3,2.0,Evanston,1726,,2009,,487,877,Sold,,,https://www.redfin.com/IL/Evanston/1570-Elmwood-Ave-60201/unit-1205/home/21697466,MRED,11640645,N,Y,42.0461985,-87.6840121
PAST SALE,November-9-2022,Condo/Co-op,1935 Sherman Ave Unit 3N,Evanston,IL,60201,529000,3,2.0,Evanston,,,2001,,,427,Sold,,,https://www.redfin.com/IL/Evanston/1935-Sherman-Ave-60201/unit-3N/home/12726719,MRED,11641310,N,Y,42.0533346,-87.6812643
PAST SALE,October-28-2022,Condo/Co-op,2666 N Orchard St #3,Chicago,IL,60614,960000,3,2.0,CHI - Lincoln Park,,,2015,,,176,Sold,,,https://www.redfin.com/IL/Chicago/2666-N-Orchard-St-60614/unit-3/home/144506927,MRED,11486717,N,Y,41.9310141,-87.6468792
PAST SALE,November-1-2022,Condo/Co-op,2350 N Orchard St #704,Chicago,IL,60614,4325000,4,4.5,CHI - Lincoln Park,3596,,2020,,1203,3746,Sold,,,https://www.redfin.com/IL/Chicago/2350-N-Orchard-St-60614/unit-704/home/177843659,MRED,11300148,N,Y,41.9251023,-87.6464993
PAST SALE,November-4-2022,Condo/Co-op,2502 N Ashland Ave #2,Chicago,IL,60614,549000,3,2.0,CHI - Lincoln Park,,,,,,200,Sold,,,https://www.redfin.com/IL/Chicago/2502-N-Ashland-Ave-60614/unit-2/home/12698276,MRED,11627729,N,Y,41.9271468,-87.6685133
PAST SALE,November-3-2022,Condo/Co-op,2139 W Addison St #3,Chicago,IL,60618,565000,3,2.0,CHI - North Center,1850,,1997,,305,190,Sold,,,https://www.redfin.com/IL/Chicago/2139-W-Addison-St-60618/unit-3/home/12805675,MRED,11622264,N,Y,41.9465627,-87.6825342
PAST SALE,November-10-2022,Condo/Co-op,540 W Webster Ave Unit 1012-13,Chicago,IL,60614,1560000,3,3.5,CHI - Lincoln Park,2596,,2017,,601,1840,Sold,,,https://www.redfin.com/IL/Chicago/540-W-Webster-Ave-60614/unit-1012-13/home/144402983,MRED,11609249,N,Y,41.9220478,-87.6430231
PAST SALE,November-10-2022,Condo/Co-op,2550 N Lakeview Ave Unit T3501,Chicago,IL,60614,5825000,4,4.5,Lincoln Park 2550,4700,,2010,,1239,6925,Sold,,,https://www.redfin.com/IL/Chicago/2550-N-Lakeview-Ave-60614/unit-T3501/home/182228665,MRED,11648944,N,Y,41.9291507,-87.6401127
PAST SALE,November-14-2022,Condo/Co-op,1517 W Barry Ave Unit 1W,Chicago,IL,60657,1030000,4,3.5,CHI - Lake View,,,2020,,,270,Sold,,,https://www.redfin.com/IL/Chicago/1517-W-Barry-Ave-60657/unit-1W/home/181474569,MRED,11616289,N,Y,41.937666,-87.6669281
PAST SALE,November-14-2022,Condo/Co-op,1028 W Newport Ave #1,Chicago,IL,60657,725000,3,2.5,CHI - Lake View,2600,,2003,,279,267,Sold,,,https://www.redfin.com/IL/Chicago/1028-W-Newport-Ave-60657/unit-1/home/12675498,MRED,11638084,N,Y,41.9446587,-87.6553931
PAST SALE,October-31-2022,Condo/Co-op,2104 W Belmont Ave Unit 4E,Chicago,IL,60618,675000,3,2.0,CHI - North Center,1600,,2016,,422,253,Sold,,,https://www.redfin.com/IL/Chicago/2104-W-Belmont-Ave-60618/unit-4E/home/101620230,MRED,11615045,N,Y,41.9397263,-87.6810251
PAST SALE,November-14-2022,Condo/Co-op,340 W Barry Ave Unit C,Chicago,IL,60657,972500,3,2.0,CHI - Lake View,2850,,1917,,341,1469,Sold,,,https://www.redfin.com/IL/Chicago/340-W-Barry-Ave-60657/unit-C/home/13372554,MRED,11617889,N,Y,41.9379344,-87.6387852
PAST SALE,November-15-2022,Condo/Co-op,2028 N Sheffield Ave #3,Chicago,IL,60614,1480000,3,2.0,CHI - Lincoln Park,,,2022,,,275,Sold,,,https://www.redfin.com/IL/Chicago/2028-N-Sheffield-Ave-60614/unit-3/home/180382302,MRED,11628188,N,Y,41.9189946,-87.653932
PAST SALE,November-15-2022,Condo/Co-op,1316 W Wrightwood Ave #2,Chicago,IL,60614,776000,3,2.0,CHI - Lincoln Park,,,2017,,,120,Sold,,,https://www.redfin.com/IL/Chicago/1316-W-Wrightwood-Ave-60614/unit-2/home/171313063,MRED,11656135,N,Y,41.9289866,-87.6617282
PAST SALE,November-4-2022,Condo/Co-op,1250 S Michigan Ave #2606,Chicago,IL,60605,655000,3,2.0,CHI - Near South Side,1774,,2005,,369,963,Sold,,,https://www.redfin.com/IL/Chicago/1250-S-Michigan-Ave-60605/unit-2606/home/18948180,MRED,11629586,N,Y,41.8659823,-87.6243183
PAST SALE,October-18-2022,Condo/Co-op,323 S Racine Ave Unit 4B,Chicago,IL,60607,959108,3,3.0,CHI - Near West Side,2160,,2021,,444,323,Sold,,,https://www.redfin.com/IL/Chicago/323-S-Racine-Ave-60607/unit-4B/home/174474913,MRED,11026330,N,Y,41.8774321,-87.6568362
PAST SALE,October-18-2022,Condo/Co-op,323 S Racine Ave Unit 4A,Chicago,IL,60607,907900,3,3.0,CHI - Near West Side,2160,,2021,,420,317,Sold,,,https://www.redfin.com/IL/Chicago/323-S-Racine-Ave-60607/unit-4A/home/174567832,MRED,11006330,N,Y,41.8774321,-87.6568362
PAST SALE,October-19-2022,Condo/Co-op,700 N Larrabee St #1707,Chicago,IL,60654,535000,2,2.0,River Place on the Park,,,2006,,,819,Sold,,,https://www.redfin.com/IL/Chicago/700-N-Larrabee-St-60654/unit-1707/home/18924923,MRED,11484029,N,Y,41.8947154,-87.6433384
PAST SALE,November-4-2022,Condo/Co-op,1000 N Lake Shore Plz Unit 44D,Chicago,IL,60611,625000,3,2.5,CHI - Near North Side,2100,,1964,,298,2318,Sold,,,https://www.redfin.com/IL/Chicago/1000-N-Lake-Shore-Dr-60611/unit-44D/home/14121217,MRED,11444066,N,Y,41.9012093,-87.624654
PAST SALE,November-3-2022,Condo/Co-op,505 N Mcclurg Ct #204,Chicago,IL,60611,720000,2,2.5,Parkview Condominiums,1770,,2008,,407,1134,Sold,,,https://www.redfin.com/IL/Chicago/505-N-McClurg-Ct-60611/unit-204/home/21709055,MRED,11427055,N,Y,41.8915247,-87.6173266
PAST SALE,November-7-2022,Condo/Co-op,1152 W Fulton Market Unit 4B,Chicago,IL,60607,675000,2,2.0,CHI - Near West Side,,,2003,,,550,Sold,,,https://www.redfin.com/IL/Chicago/1152-W-Fulton-Market-60607/unit-4B/home/108968809,MRED,11654887,N,Y,41.8868028,-87.656574
PAST SALE,November-7-2022,Condo/Co-op,1625 N Burling St #402,Chicago,IL,60614,2360000,3,2.5,CHI - Lincoln Park,,,2017,,,1176,Sold,,,https://www.redfin.com/IL/Chicago/1625-N-Burling-St-60614/unit-402/home/167585986,MRED,11469143,N,Y,41.9116413,-87.6469189
PAST SALE,November-7-2022,Condo/Co-op,11 E Walton Pl #4002,Chicago,IL,60611,5330000,3,3.5,CHI - Near North Side,4000,,2009,,1333,3946,Sold,,,https://www.redfin.com/IL/Chicago/11-E-Walton-St-60611/unit-4002/home/40378386,MRED,11449266,N,Y,41.899701,-87.6276042
PAST SALE,November-7-2022,Condo/Co-op,600 N Lake Shore Dr #4208,Chicago,IL,60611,920000,2,2.5,CHI - Near North Side,1691,,2008,,544,1004,Sold,,,https://www.redfin.com/IL/Chicago/600-N-Lake-Shore-Dr-60611/unit-4208/home/21620710,MRED,11477043,N,Y,41.892964,-87.6157068
PAST SALE,November-10-2022,Condo/Co-op,240 E Illinois St #1806,Chicago,IL,60611,525000,2,2.0,Fairbanks at Cityfront,1361,,2007,,386,1171,Sold,,,https://www.redfin.com/IL/Chicago/240-E-Illinois-St-60611/unit-1806/home/39566591,MRED,11462597,N,Y,41.8911546,-87.6210377
PAST SALE,October-28-2022,Condo/Co-op,11 E Walton St #5500,Chicago,IL,60611,9400000,4,4.5,CHI - Near North Side,6400,,2009,,1469,7644,Sold,,,https://www.redfin.com/IL/Chicago/11-E-Walton-St-60611/unit-5500/home/40369086,MRED,11622760,N,Y,41.899701,-87.6276042
PAST SALE,November-10-2022,Condo/Co-op,505 N Mcclurg Ct #3605,Chicago,IL,60611,670000,2,2.0,Parkview Condominiums,1368,,2008,,490,957,Sold,,,https://www.redfin.com/IL/Chicago/505-N-McClurg-Ct-60611/unit-3605/home/39644812,MRED,11383476,N,Y,41.8915247,-87.6173266
PAST SALE,November-9-2022,Condo/Co-op,1325 N State Pkwy Unit 16A,Chicago,IL,60610,517500,2,2.5,CHI - Near North Side,1680,,1969,,308,1387,Sold,,,https://www.redfin.com/IL/Chicago/1325-N-State-Pkwy-60610/unit-16A/home/14124811,MRED,11633181,N,Y,41.9064765,-87.6282768
PAST SALE,November-10-2022,Condo/Co-op,340 E Randolph St #4104,Chicago,IL,60601,875000,2,2.5,CHI - Loop,1902,,2007,,460,1023,Sold,,,https://www.redfin.com/IL/Chicago/340-E-Randolph-St-60601/unit-4104/home/26815463,MRED,11617281,N,Y,41.8847771,-87.6190621
PAST SALE,November-14-2022,Condo/Co-op,313 S Racine Ave Unit 2D,Chicago,IL,60607,1113259,3,3.0,CHI - Near West Side,2160,,2021,,515,345,Sold,,,https://www.redfin.com/IL/Chicago/313-S-Racine-Ave-60607/unit-2D/home/172699813,MRED,10815056,N,Y,41.8775946,-87.6566973
PAST SALE,November-1-2022,Condo/Co-op,659 W Randolph St #616,Chicago,IL,60661,620000,3,3.0,CHI - Near West Side,1862,,2008,,333,1298,Sold,,,https://www.redfin.com/IL/Chicago/659-W-Randolph-St-60661/unit-616/home/39564756,MRED,11623487,N,Y,41.8841585,-87.6450181
PAST SALE,November-1-2022,Condo/Co-op,55 E Erie St #4302,Chicago,IL,60611,1080000,2,2.5,CHI - Near North Side,2028,,2004,,533,1417,Sold,,,https://www.redfin.com/IL/Chicago/55-E-Erie-St-60611/unit-4302/home/12666155,MRED,11392393,N,Y,41.8937613,-87.6261578
PAST SALE,November-14-2022,Condo/Co-op,1132 N Milwaukee Ave Unit 3N,Chicago,IL,60642,525000,3,2.0,CHI - West Town,1800,,2007,,292,285,Sold,,,https://www.redfin.com/IL/Chicago/1132-N-Milwaukee-Ave-60642/unit-3N/home/12650317,MRED,11441592,N,Y,41.9021698,-87.6650743
PAST SALE,November-7-2022,Condo/Co-op,1132 W Adams St Unit 4E,Chicago,IL,60607,965000,3,3.0,CHI - Near West Side,2143,,2015,,450,456,Sold,,,https://www.redfin.com/IL/Chicago/1132-W-Adams-St-60607/unit-4E/home/51690823,MRED,11625580,N,Y,41.8791907,-87.6559303
PAST SALE,November-15-2022,Condo/Co-op,675 N Peoria St Unit 1S,Chicago,IL,60642,615000,3,3.0,CHI - West Town,2500,,2005,,246,373,Sold,,,https://www.redfin.com/IL/Chicago/675-N-Peoria-St-60642/unit-1S/home/26812832,MRED,11643898,N,Y,41.8943882,-87.6498659
PAST SALE,October-25-2022,Condo/Co-op,830 N Marshfield Ave #3,Chicago,IL,60622,700000,3,2.0,CHI - West Town,,,2022,,,225,Sold,,,https://www.redfin.com/IL/Chicago/830-N-Marshfield-Ave-60622/unit-3/home/179805925,MRED,11635904,N,Y,41.8969623,-87.6687706
PAST SALE,,Condo/Co-op,1734 W Pierce Ave Unit I,Chicago,IL,60622,602500,3,3.0,,2000,,,,301,,,,,https://www.redfin.com/IL/Chicago/1734-W-Pierce-Ave-60622/unit-I/home/12769463,,,N,Y,41.9100153,-87.6715022
PAST SALE,November-1-2022,Condo/Co-op,2635 W Lawrence Ave Unit 4B,Chicago,IL,60625,590000,3,2.5,CHI - Lincoln Square,1700,,2007,,347,477,Sold,,,https://www.redfin.com/IL/Chicago/2635-W-Lawrence-Ave-60625/unit-4B/home/88899361,MRED,11641647,N,Y,41.968305,-87.695255
PAST SALE,,Condo/Co-op,2753 N Hampden Ct Unit 4B,Chicago,IL,60614,1770000,,,,,,,,,,,,,https://www.redfin.com/IL/Chicago/2753-N-Hampden-Ct-60614/unit-4B/home/178526606,,,N,Y,41.9322901,-87.6420418
PAST SALE,,Condo/Co-op,1120 Jonathan Dr #98,Inverness,IL,60010,790000,,,,,,,,,,,,,https://www.redfin.com/IL/Inverness/1120-Jonathan-Dr-60010/unit-98/home/26796674,,,N,Y,42.1051779,-88.1368784
PAST SALE,,Condo/Co-op,940 N Wolcott Ave,Chicago,IL,60622,565000,,,,,,,,,,,,,https://www.redfin.com/IL/Chicago/940-N-Wolcott-Ave-60622/home/178523341,,,N,Y,41.8989717,-87.6749778
PAST SALE,October-20-2022,Condo/Co-op,999 N Lake Shore Dr Unit 5C,Chicago,IL,60611,965000,2,2.5,CHI - Near North Side,2600,,1912,,371,5379,Sold,,,https://www.redfin.com/IL/Chicago/999-N-Lake-Shore-Dr-60611/unit-5C/home/177156757,MRED,11621771,N,Y,41.9006861,-87.6200667
PAST SALE,October-28-2022,Condo/Co-op,40 S Ashland Ave Unit 5A,La Grange,IL,60525,1295000,3,3.0,La Grange,3171,,2017,,408,1411,Sold,,,https://www.redfin.com/IL/La-Grange/40-S-Ashland-Ave-60525/unit-5A/home/180053957,MRED,11397800,N,Y,41.8137058,-87.8727354
PAST SALE,October-25-2022,Condo/Co-op,2153 W Belmont Ave #4,Chicago,IL,60618,580000,3,2.0,CHI - North Center,1700,,2006,,341,244,Sold,,,https://www.redfin.com/IL/Chicago/2153-W-Belmont-Ave-60618/unit-4/home/52637232,MRED,11621794,N,Y,41.9393366,-87.6828358
PAST SALE,October-18-2022,Condo/Co-op,540 W Oakdale Ave Unit 3W,Chicago,IL,60657,715000,3,2.0,CHI - Lake View,1800,,2000,,397,422,Sold,,,https://www.redfin.com/IL/Chicago/540-W-Oakdale-Ave-60657/unit-3W/home/12742160,MRED,11447906,N,Y,41.935806,-87.6435038
PAST SALE,October-21-2022,Condo/Co-op,844 W Grace St #3,Chicago,IL,60613,500000,3,2.0,CHI - Lake View,1620,,,,309,201,Sold,,,https://www.redfin.com/IL/Chicago/844-W-Grace-St-60613/unit-3/home/12728267,MRED,11630698,N,Y,41.9514368,-87.6514246
PAST SALE,October-28-2022,Condo/Co-op,1800 W Grace St Unit 518T,Chicago,IL,60613,750000,2,2.0,CHI - North Center,2046,,2008,,367,915,Sold,,,https://www.redfin.com/IL/Chicago/1800-W-Grace-St-60613/unit-518T/home/40377650,MRED,11487958,N,Y,41.950727,-87.674211
PAST SALE,October-24-2022,Condo/Co-op,9655 Woods Dr #1810,Skokie,IL,60077,555000,2,2.0,Skokie,1700,,2006,,326,924,Sold,,,https://www.redfin.com/IL/Skokie/9655-Woods-Dr-60077/unit-1810/home/21834092,MRED,11461105,N,Y,42.0573733,-87.7606114
PAST SALE,November-1-2022,Condo/Co-op,418 Church St #2,Evanston,IL,60201,620000,3,2.0,Evanston,1985,,1909,,312,598,Sold,,,https://www.redfin.com/IL/Evanston/418-Church-St-60201/unit-2/home/179807185,MRED,11460951,N,Y,42.0469653,-87.6765571
PAST SALE,,Condo/Co-op,2252 N Orchard St Unit 3N,Chicago,IL,60614,1625000,,,,,,,,,,,,,https://www.redfin.com/IL/Chicago/2252-N-Orchard-St-60614/unit-3N/home/178599088,,,N,Y,41.9233773,-87.6465341
PAST SALE,October-28-2022,Condo/Co-op,1737 N Paulina St #305,Chicago,IL,60622,675000,2,2.0,CHI - West Town,1626,,1904,,415,515,Sold,,,https://www.redfin.com/IL/Chicago/1737-N-Paulina-St-60622/unit-305/home/12804724,MRED,11624081,N,Y,41.913639,-87.66971
PAST SALE,November-1-2022,Condo/Co-op,1236 W Diversey Pkwy Unit 2W,Chicago,IL,60614,590000,2,2.0,CHI - Lake View,1200,,2017,,492,160,Sold,,,https://www.redfin.com/IL/Chicago/1236-W-Diversey-Pkwy-60614/unit-2W/home/179307644,MRED,11452739,N,Y,41.9326868,-87.6600685
PAST SALE,October-24-2022,Condo/Co-op,2724 N Wayne Ave #1,Chicago,IL,60614,1280000,4,3.5,CHI - Lincoln Park,,,2022,,,200,Sold,,,https://www.redfin.com/IL/Chicago/2724-N-Wayne-Ave-60614/unit-1/home/179892608,MRED,11434800,N,Y,41.9314884,-87.6625634
PAST SALE,October-20-2022,Condo/Co-op,2235 N Lakewood Ave Unit DN,Chicago,IL,60614,537500,2,2.5,CHI - Lincoln Park,1700,,1982,,316,278,Sold,,,https://www.redfin.com/IL/Chicago/2235-N-Lakewood-Ave-60614/unit-DN/home/21787819,MRED,11428846,N,Y,41.9227683,-87.6605047
PAST SALE,October-27-2022,Condo/Co-op,2007 W Superior St Unit 3E,Chicago,IL,60612,625000,3,3.0,CHI - West Town,2300,,2003,,272,300,Sold,,,https://www.redfin.com/IL/Chicago/2007-W-Superior-St-60612/unit-3E/home/12666072,MRED,11611792,N,Y,41.8946412,-87.6774721
PAST SALE,November-2-2022,Condo/Co-op,2207 W Chicago Ave Unit 2W,Chicago,IL,60622,595000,3,2.0,CHI - West Town,1650,,2012,,361,231,Sold,,,https://www.redfin.com/IL/Chicago/2207-W-Chicago-Ave-60622/unit-2W/home/64226675,MRED,11621776,N,Y,41.8955272,-87.682428
PAST SALE,October-26-2022,Condo/Co-op,2210 W Huron St #2,Chicago,IL,60612,567500,3,3.0,CHI - West Town,2200,,2000,,258,316,Sold,,,https://www.redfin.com/IL/Chicago/2210-W-Huron-St-60612/unit-2/home/12627854,MRED,11622481,N,Y,41.894258,-87.682463
PAST SALE,October-31-2022,Condo/Co-op,2002 W Race Ave #2,Chicago,IL,60612,527500,2,2.0,CHI - West Town,1600,,2005,,330,201,Sold,,,https://www.redfin.com/IL/Chicago/2002-W-Race-Ave-60612/unit-2/home/12592817,MRED,11482692,N,Y,41.8917477,-87.6771406
PAST SALE,,Condo/Co-op,1141 W Washington Blvd #221,Chicago,IL,60607,514000,,,,,,,,,,,,,https://www.redfin.com/IL/Chicago/1141-W-Washington-Blvd-60607/unit-221/home/12769112,,,N,Y,41.8827018,-87.6558788
PAST SALE,October-31-2022,Condo/Co-op,817 W Washington Blvd #203,Chicago,IL,60607,579000,3,2.0,CHI - Near West Side,1759,,1897,,329,546,Sold,,,https://www.redfin.com/IL/Chicago/817-W-Washington-Blvd-60607/unit-203/home/26813000,MRED,11649461,N,Y,41.8828585,-87.6483241
PAST SALE,November-3-2022,Condo/Co-op,15 N Aberdeen St Unit 3S,Chicago,IL,60607,875000,3,2.5,CHI - Near West Side,1900,,2009,,461,525,Sold,,,https://www.redfin.com/IL/Chicago/15-N-Aberdeen-St-60607/unit-3S/home/45507844,MRED,11618024,N,Y,41.882097,-87.65425
PAST SALE,November-4-2022,Condo/Co-op,1000 W Washington Blvd #338,Chicago,IL,60607,970000,2,2.0,CHI - Near West Side,2100,,1882,,462,980,Sold,,,https://www.redfin.com/IL/Chicago/1000-W-Washington-Blvd-60607/unit-338/home/180940467,MRED,11645186,N,Y,41.883627,-87.652422
PAST SALE,October-24-2022,Condo/Co-op,936 N Honore St #3,Chicago,IL,60622,580000,2,2.5,CHI - West Town,,,2002,,,178,Sold,,,https://www.redfin.com/IL/Chicago/936-N-Honore-St-60622/unit-3/home/12697731,MRED,11488386,N,Y,41.8988935,-87.6738088
PAST SALE,November-2-2022,Condo/Co-op,901 N Hermitage Ave Unit 1R,Chicago,IL,60622,625000,3,2.5,CHI - West Town,,,2005,,,178,Sold,,,https://www.redfin.com/IL/Chicago/901-N-Hermitage-Ave-60622/unit-1R/home/12612663,MRED,11609353,N,Y,41.8986118,-87.6706855
PAST SALE,October-28-2022,Condo/Co-op,60 E Monroe St #5703,Chicago,IL,60603,760000,2,2.0,The Legacy at Millennium Park,1500,,2009,,507,1198,Sold,,,https://www.redfin.com/IL/Chicago/60-E-Monroe-St-60603/unit-5703/home/13062556,MRED,11414198,N,Y,41.8809978,-87.6256565
PAST SALE,October-28-2022,Condo/Co-op,65 E Monroe St #4525,Chicago,IL,60603,712000,2,2.0,CHI - Loop,1400,,2008,,509,1099,Sold,,,https://www.redfin.com/IL/Chicago/65-E-Monroe-St-60603/unit-4525/home/39567687,MRED,11460245,N,Y,41.8806386,-87.6255308
PAST SALE,October-24-2022,Condo/Co-op,25 E Superior St Unit 11C,Chicago,IL,60611,1300000,4,3.5,CHI - Near North Side,3600,,2003,,361,3774,Sold,,,https://www.redfin.com/IL/Chicago/25-E-Superior-St-60611/unit-11C/home/12662880,MRED,11257661,N,Y,41.8954074,-87.6272288
PAST SALE,October-21-2022,Condo/Co-op,110 W Superior St #2301,Chicago,IL,60654,1350000,3,3.0,Superior 110,2550,,2009,,529,1945,Sold,,,https://www.redfin.com/IL/Chicago/110-W-Superior-St-60654/unit-2301/home/45508508,MRED,11627596,N,Y,41.89586,-87.6319489
PAST SALE,October-20-2022,Condo/Co-op,3759 N Ashland Ave #3,Chicago,IL,60613,585000,3,3.0,CHI - Lake View,2300,,2002,,254,409,Sold,,,https://www.redfin.com/IL/Chicago/3759-N-Ashland-Ave-60613/unit-3/home/12728275,MRED,11638264,N,Y,41.9505458,-87.6686303
PAST SALE,,Condo/Co-op,1319 N Wood St Unit 3C,Chicago,IL,60622,615000,,,,,,,,,,,,,https://www.redfin.com/IL/Chicago/1319-N-Wood-St-60622/unit-3C/home/12616832,,,N,Y,41.905814,-87.671713
PAST SALE,October-17-2022,Condo/Co-op,111 S Peoria St #503,Chicago,IL,60607,1335000,3,3.5,CHI - Near West Side,2240,,2018,,596,1110,Sold,,,https://www.redfin.com/IL/Chicago/111-S-Peoria-St-60607/unit-503/home/179806135,MRED,11415091,N,Y,41.8799277,-87.6490953
PAST SALE,November-1-2022,Condo/Co-op,360 W Illinois St Unit 1A,Chicago,IL,60654,537500,2,2.0,CHI - Near North Side,1729,,1919,,311,904,Sold,,,https://www.redfin.com/IL/Chicago/360-W-Illinois-St-60654/unit-1A/home/12767085,MRED,11609422,N,Y,41.8908603,-87.6380723
PAST SALE,October-28-2022,Condo/Co-op,540 W Webster Ave #402,Chicago,IL,60614,545000,1,1.5,CHI - Lincoln Park,989,,2017,,551,679,Sold,,,https://www.redfin.com/IL/Chicago/540-W-Webster-Ave-60614/unit-402/home/167585092,MRED,11613842,N,Y,41.9220507,-87.6430384
PAST SALE,November-1-2022,Condo/Co-op,5448 S East View Park Ave #1,Chicago,IL,60615,578000,4,3.0,East View Park,2300,,1910,,251,894,Sold,,,https://www.redfin.com/IL/Chicago/5448-S-E-View-Park-60615/unit-1/home/13946288,MRED,11431432,N,Y,41.7967352,-87.5830271
PAST SALE,November-3-2022,Condo/Co-op,1734 W Pierce Ave #1,Chicago,IL,60622,602500,3,2.5,CHI - West Town,2000,,1990,,301,150,Sold,,,https://www.redfin.com/IL/Chicago/1734-W-Pierce-Ave-60622/unit-1/home/179499511,MRED,11621820,N,Y,41.9099757,-87.6715399
PAST SALE,October-28-2022,Condo/Co-op,1744 W Beach Ave #1,Chicago,IL,60622,600000,3,2.5,CHI - West Town,,,2003,,,170,Sold,,,https://www.redfin.com/IL/Chicago/1744-W-Beach-Ave-60622/unit-1/home/12687310,MRED,11628179,N,Y,41.907761,-87.671798
PAST SALE,November-1-2022,Condo/Co-op,1746 W Pierce Ave #2,Chicago,IL,60622,755300,3,2.5,CHI - West Town,1900,,2005,,398,205,Sold,,,https://www.redfin.com/IL/Chicago/1746-W-Pierce-Ave-60622/unit-2/home/12635376,MRED,11612179,N,Y,41.9099852,-87.671926
PAST SALE,October-18-2022,Condo/Co-op,2761 N Kenmore Ave #1,Chicago,IL,60614,1236000,4,3.5,CHI - Lincoln Park,2800,,2021,,441,335,Sold,,,https://www.redfin.com/IL/Chicago/2761-N-Kenmore-Ave-60614/unit-1/home/174453414,MRED,11485190,N,Y,41.9316871,-87.6548829
PAST SALE,,Multi-Family (5+ Unit),2761 N Kenmore Ave #2,Chicago,IL,60614,1236000,4,1.0,,2022,3500,1885,,611,,,,,https://www.redfin.com/IL/Chicago/2761-N-Kenmore-Ave-60614/unit-2/home/13360543,,,N,Y,41.9316914,-87.6549243
PAST SALE,October-21-2022,Condo/Co-op,2620 N Halsted St #2,Chicago,IL,60614,580000,3,2.0,CHI - Lincoln Park,1600,,2007,,363,200,Sold,,,https://www.redfin.com/IL/Chicago/2620-N-Halsted-St-60614/unit-2/home/179690033,MRED,11454654,N,Y,41.9297415,-87.6491844
PAST SALE,November-1-2022,Condo/Co-op,2004 W Addison St Unit 3W,Chicago,IL,60618,1250000,4,2.5,CHI - North Center,3000,,2022,,417,304,Sold,,,https://www.redfin.com/IL/Chicago/2004-W-Addison-St-60618/unit-3W/home/180700045,MRED,11389974,N,Y,41.9470755,-87.6788199
PAST SALE,,Condo/Co-op,2131 W Belmont Ave Unit 2E,Chicago,IL,60618,580000,,2.0,,,,,,,,,,,https://www.redfin.com/IL/Chicago/2131-W-Belmont-Ave-60618/unit-2E/home/12613006,,,N,Y,41.9394223,-87.6820449
PAST SALE,,Condo/Co-op,845 W Wolfram St Unit C,Chicago,IL,60657,700000,,,,,,,,,,,,,https://www.redfin.com/IL/Chicago/845-W-Wolfram-St-60657/unit-C/home/13363377,,,N,Y,41.9332988,-87.6508085
PAST SALE,October-28-2022,Condo/Co-op,2912 W Lyndale St Unit 1W,Chicago,IL,60647,655000,3,2.5,CHI - Logan Square,,,2018,,,177,Sold,,,https://www.redfin.com/IL/Chicago/2912-W-Lyndale-St-60647/unit-1W/home/181371175,MRED,11618649,N,Y,41.9225531,-87.7005158
PAST SALE,November-9-2022,Condo/Co-op,1608 S Loomis St #2,Chicago,IL,60608,525000,3,2.5,CHI - Lower West Side,2200,,2006,,239,250,Sold,,,https://www.redfin.com/IL/Chicago/1608-S-Loomis-St-60608/unit-2/home/26819349,MRED,11480416,N,Y,41.8593767,-87.661583
PAST SALE,,Condo/Co-op,55 W Delaware Pl #611,Chicago,IL,60610,549000,,,,1439,,,,382,,,,,https://www.redfin.com/IL/Chicago/55-W-Delaware-Pl-60610/unit-611/home/12789651,,,N,Y,41.8981917,-87.6305548
PAST SALE,,Condo/Co-op,549 W Roscoe St Unit 3S,Chicago,IL,60657,1240000,,,,,,,,,,,,,https://www.redfin.com/IL/Chicago/549-W-Roscoe-St-60657/unit-3S/home/175638189,,,N,Y,41.9430168,-87.6437384
PAST SALE,,Condo/Co-op,335 W Belden Ave #2,Chicago,IL,60614,1100000,,2.5,,,,,,,,,,,https://www.redfin.com/IL/Chicago/335-W-Belden-Ave-60614/unit-2/home/13347631,,,N,Y,41.9235313,-87.637955
PAST SALE,November-4-2022,Condo/Co-op,226 N Clinton St #617,Chicago,IL,60661,605000,2,2.0,CHI - Near West Side,1520,,,,398,940,Sold,,,https://www.redfin.com/IL/Chicago/226-N-Clinton-St-60661/unit-617/home/12787714,MRED,11635710,N,Y,41.8862901,-87.6417042
PAST SALE,,Condo/Co-op,1000 W Washington Blvd #243,Chicago,IL,60607,750000,,,,,,,,,,,,,https://www.redfin.com/IL/Chicago/1000-W-Washington-Blvd-60607/unit-243/home/12789075,,,N,Y,41.883627,-87.652422
PAST SALE,,Condo/Co-op,1370 W Walton St Unit 3W,Chicago,IL,60642,835000,,,,,,,,,,,,,https://www.redfin.com/IL/Chicago/1370-W-Walton-St-60642/unit-3W/home/178522925,,,N,Y,41.899059,-87.6622584
PAST SALE,October-31-2022,Condo/Co-op,1117 W Armitage Ave Unit 3E,Chicago,IL,60614,680000,2,2.0,CHI - Lincoln Park,1650,,2002,,412,386,Sold,,,https://www.redfin.com/IL/Chicago/1117-W-Armitage-Ave-60614/unit-3E/home/12715655,MRED,11486822,N,Y,41.9178277,-87.6561135
PAST SALE,October-28-2022,Condo/Co-op,1721 N Sheffield Ave #302,Chicago,IL,60614,632000,2,2.0,CHI - Lincoln Park,2000,,2007,,316,249,Sold,,,https://www.redfin.com/IL/Chicago/1721-N-Sheffield-Ave-60614/unit-302/home/26793971,MRED,11640116,N,Y,41.9123771,-87.6529155
PAST SALE,October-24-2022,Condo/Co-op,1651 N Dayton St #103,Chicago,IL,60614,550000,3,2.0,Willow Dayton,,,1985,,,425,Sold,,,https://www.redfin.com/IL/Chicago/1651-N-Dayton-St-60614/unit-103/home/13351341,MRED,11481693,N,Y,41.912449,-87.6492918
PAST SALE,November-3-2022,Condo/Co-op,1702 N Dayton St #3,Chicago,IL,60614,670000,3,2.0,CHI - Lincoln Park,1700,,,,394,155,Sold,,,https://www.redfin.com/IL/Chicago/1702-N-Dayton-St-60614/unit-3/home/13351302,MRED,11631320,N,Y,41.9128742,-87.6499506
PAST SALE,November-10-2022,Condo/Co-op,1750 N Clybourn Ave #401,Chicago,IL,60614,880000,3,2.0,CHI - Lincoln Park,2000,,2006,,440,477,Sold,,,https://www.redfin.com/IL/Chicago/1750-N-Clybourn-Ave-60614/unit-401/home/18942514,MRED,11628685,N,Y,41.9127441,-87.6525278
PAST SALE,October-28-2022,Condo/Co-op,807 Davis St #1105,Evanston,IL,60201,715000,2,2.0,Evanston,1640,,2006,,436,807,Sold,,,https://www.redfin.com/IL/Evanston/807-Davis-St-60201/unit-1105/home/26802144,MRED,11430600,N,Y,42.0471435,-87.6825271
PAST SALE,October-26-2022,Condo/Co-op,5041 S Dorchester Ave #3,Chicago,IL,60615,735000,4,3.5,CHI - Kenwood,3000,,1908,,245,493,Sold,,,https://www.redfin.com/IL/Chicago/5041-S-Dorchester-Ave-60615/unit-3/home/180799704,MRED,11482316,N,Y,41.8029721,-87.5916717
